{
  "model_params": {
    "n_estimators": 100,
    "random_state": 42
  },
  "test_mse": 8309.413955734943,
  "test_r2": 0.9556317816179106,
  "cv_r2_scores": [
    0.9313428876725887,
    0.9609739709611149,
    0.8569267352023736,
    0.9124113748272727,
    0.8962882852048835
  ],
  "cv_r2_mean": 0.9115886507736466
}