Occupation Title,Occupation Code,Employment 2024,Employment 2034,"Employment Change, 2024-2034","Employment Percent Change, 2024-2034","Occupational Openings, 2024-2034 Annual Average",Median Annual Wage 2024,Typical Entry-Level Education,Education Code,Work Experience in a Related Occupation,Workex Code,Typical on-the-job Training,trCode,Typical Entry-Level Education_High school diploma or equivalent,Typical on-the-job Training_nan,Typical Entry-Level Education_Bachelor's degree,Typical on-the-job Training_Short-term on-the-job training,Predicted Employment 2034
Accountants and auditors    * Account Auditor* Accountant* Auditor* Auditor-In-Charge* CPA* Certified Public Accountant* Cost Accountant* Field Auditor* Financial Accountant* Financial Auditor* Fund Accountant* Internal Auditor* Payroll Auditor* Tax Accountant,"=""13-2011""",1579.8,1652.6,72.8,4.6,124.2,81680.0,Bachelor's degree,3,,4,,6,0,0,0,0,1609.2940000000006
Actuaries    * Actuarial Associate* Actuarial Mathematician* Health Actuary* Insurance Actuary* Pricing Actuary* Product Development Actuary,"=""15-2011""",33.6,40.9,7.3,21.8,2.4,125770.0,Bachelor's degree,3,,4,Long-term on-the-job training,3,0,0,0,0,38.61800000000002
Acupuncturists    * Acupuncture Physician* Licensed Acupuncturist,"=""29-1291""",15.3,16.4,1.0,6.8,0.9,78140.0,Master's degree,2,,4,,6,0,0,0,0,16.07000000000002
Adhesive bonding machine operators and tenders    * Glue Line Operator* Glue Machine Operator* Glue Reel Operator* Paper Gluing Operator,"=""51-9191""",12.2,12.3,0.1,1.0,1.3,45210.0,High school diploma or equivalent,7,,4,Moderate-term on-the-job training,4,0,0,0,0,12.119999999999987
"Administrative law judges, adjudicators, and hearing officers    * Appeals Examiner* Appeals Referee* Appellate Conferee* Hearing Examiner* Hearing Officer* Justice of The Peace* Traffic Court Referee","=""23-1021""",17.5,17.4,-0.1,-0.7,0.5,115230.0,Doctoral or professional degree,1,5 years or more,1,Short-term on-the-job training,5,0,0,0,0,17.52300000000002
Administrative services managers    * Business Office Manager* Business Unit Manager* Records Management Director* Records and Information Manager* University Registrar,"=""11-3012""",271.2,283.8,12.6,4.6,23.2,108390.0,Bachelor's degree,3,Less than 5 years,2,,6,0,0,0,0,290.8009999999997
"Adult basic education, adult secondary education, and english as a second language instructors    * Adult Basic Studies Teacher* Adult Education Teacher* Adult English as a Second Language (ESL) Teacher* Adult Literacy Instructor* Adult Literacy Teacher* Adult Remedial Education Instructor* GED¿ Instructor* General Educational Development (GED¿) Teacher* General Educational Development Teacher","=""25-3011""",40.9,35.3,-5.6,-13.7,3.9,59950.0,Bachelor's degree,3,,4,,6,0,0,0,0,37.846000000000025
Advertising and promotions managers    * Advertising Director* Advertising Executive* Advertising Manager* Classified Advertising Manager* Promotions Director* Promotions Manager* VP Advertising* VP Promotions,"=""11-2011""",27.0,26.4,-0.6,-2.2,2.1,126960.0,Bachelor's degree,3,Less than 5 years,2,,6,0,0,0,0,26.418999999999997
Advertising sales agents    * Advertising Account Executive* Advertising Agent* Advertising Solicitor* Display Advertising Sales Representative* Inside Sales Advertising Executive* Outside Sales Advertising Executive* Radio Time Salesperson* Signs and Displays Salesperson* Yellow Pages Space Salesperson,"=""41-3011""",103.7,97.1,-6.6,-6.4,9.3,61460.0,High school diploma or equivalent,7,,4,Moderate-term on-the-job training,4,0,0,0,0,98.3500000000001
Aerospace engineering and operations technologists and technicians    * Aerospace Engineering and Operations Technologist* Altitude Chamber Technician* Flight Data Technician* Wind Tunnel Technician,"=""17-3021""",9.3,10.1,0.8,8.1,0.9,79830.0,Associate's degree,4,,4,,6,0,0,0,0,9.701000000000008
Aerospace engineers    * Aerodynamics Engineer* Aeronautical Engineer* Aircraft Design Engineer* Aircraft Designer* Aircraft Engineer* Astronautical Engineer* Flight Systems Test Engineer* Flight Test Engineer* Wind Tunnel Engineer,"=""17-2011""",71.6,75.9,4.4,6.1,4.5,134830.0,Bachelor's degree,3,,4,,6,0,0,0,0,73.74599999999998
"Agents and business managers of artists, performers, and athletes    * Artist Manager* Artist Representative* Author's Agent* Band Manager* Booking Agent* Booking Manager* Fight Manager* Literary Agent* Modeling Agent* Talent Agent* Talent Manager* Theatrical Agent","=""13-1011""",21.4,23.2,1.9,8.7,2.2,96310.0,Bachelor's degree,3,Less than 5 years,2,,6,0,0,0,0,22.915999999999983
Agricultural engineers    * Agricultural Engineer* Agricultural Production Engineer* Agricultural Research Engineer* Farm Equipment Engineer* Research Agricultural Engineer,"=""17-2021""",1.7,1.8,0.1,5.9,0.1,84630.0,Bachelor's degree,3,,4,,6,0,0,0,0,1.7800000000000005
Agricultural equipment operators    * Cane Flume Chute Operator* Combine Driver* Combine Operator* Corn Detasseler Machine Operator* Cotton Ginner* Cotton Picker Operator* Custom Harvester* Farm Tractor Operator* Feed Mixer Operator* Hay Baler* Hay Stacker Operator* Rake Operator* Replanting Machine Operator* Tractor Operator* Wheat Combine Driver,"=""45-2091""",65.2,70.3,5.0,7.7,10.5,42580.0,No formal educational credential,8,,4,Moderate-term on-the-job training,4,0,0,0,0,70.58400000000005
Agricultural inspectors    * Cattle Examiner* Cattle Inspector* Grain Sampler* Meat and Poultry Inspector* Milk Tester* Wheat Inspector,"=""45-2011""",14.7,14.9,0.2,1.5,2.2,50990.0,Bachelor's degree,3,,4,Moderate-term on-the-job training,4,0,0,0,0,15.19700000000001
"Agricultural sciences teachers, postsecondary    * Agricultural Soil Conservation Professor* Agronomy Professor* Animal Husbandry Professor* Animal Science Professor* Aquaculture and Fisheries Professor* Farm Management Professor* Floriculture Professor* Horticulture Instructor* Olericulture Professor","=""25-1041""",10.7,11.2,0.4,4.1,0.8,86350.0,Doctoral or professional degree,1,,4,,6,0,0,0,0,11.43300000000001
Agricultural technicians    * Agronomy Technician* Artificial Breeding Technician* Cotton Program Technician* Feed Mill Lab Technician* Feed Research Technician* Seed Analyst* Sugarcane Research Technician* Weed Science Research Technician,"=""19-4012""",18.6,19.4,0.8,4.3,2.9,46790.0,Associate's degree,4,,4,Moderate-term on-the-job training,4,0,0,0,0,19.18100000000003
"Agricultural workers, all other    * Crop Scout* Irrigation Worker* Livestock Showman","=""45-2099""",10.1,10.3,0.2,2.3,1.5,40390.0,No formal educational credential,8,,4,Short-term on-the-job training,5,0,0,0,0,10.509999999999984
Air traffic controllers    * Air Traffic Control Operator* Air Traffic Control Specialist* Air Traffic Coordinator* Airport Tower Controller* Control Tower Operator* Enroute Controller,"=""53-2021""",24.1,24.4,0.3,1.2,2.2,144580.0,Associate's degree,4,,4,Long-term on-the-job training,3,0,0,0,0,24.727000000000025
Aircraft cargo handling supervisors    * Air Cargo Ground Crew Supervisor* Air Cargo Ground Operations Supervisor* Air Cargo Supervisor* Aircraft Loadmaster* Airport Ramp Supervisor,"=""53-1041""",10.3,10.8,0.5,5.2,1.1,63940.0,High school diploma or equivalent,7,Less than 5 years,2,,6,0,0,0,0,10.83799999999999
Aircraft mechanics and service technicians    * A&P Mechanic* Aircraft Engine Mechanic* Aircraft Engine Specialist* Airframe Mechanic* Airframe and Power Plant Mechanic* Airplane Rigger* FAA Certified Powerplant Mechanic* Flight Test Mechanic* Helicopter Engine Mechanic* Helicopter Mechanic* Jet Engine Mechanic* Propeller-Driven Airplane Mechanic,"=""49-3011""",139.4,145.0,5.6,4.0,11.3,78680.0,Postsecondary nondegree award,5,,4,,6,0,0,0,0,145.56999999999994
Aircraft service attendants    * Aircraft De-Icer* Aircraft Refueler* Airplane Refueler,"=""53-6032""",28.0,29.5,1.4,5.1,4.3,41540.0,High school diploma or equivalent,7,,4,Short-term on-the-job training,5,0,0,0,0,29.346000000000014
"Aircraft structure, surfaces, rigging, and systems assemblers    * Aircraft De-Icer Installer* Aircraft Fuselage Framer* Aircraft Layout Worker* Aircraft Line Assembler* Aircraft Part Assembler* Aircraft Riveter* Aircraft Sheet Metal Mechanic* Helicopter Airframe Mechanic* Propeller Layout Worker* Wing Coverer","=""51-2011""",33.6,28.7,-4.9,-14.5,2.8,61680.0,High school diploma or equivalent,7,,4,Moderate-term on-the-job training,4,0,0,0,0,30.12499999999999
Airfield operations specialists    * Aviation Operations Specialist* Flight Operations Coordinator,"=""53-2022""",16.9,17.6,0.7,4.2,1.6,56750.0,High school diploma or equivalent,7,,4,Long-term on-the-job training,3,0,0,0,0,17.218
"Airline pilots, copilots, and flight engineers    * Airline Captain* Airline Pilot* Airline Pilot Flight Instructor* Airline Pilot In Command* Airline Pilot Second In Command* Airline Transport Pilot* Charter Pilot (Air Transport Pilot Certificate Required)* Charter Pilot (Airline)* Regional Airline Pilot","=""53-2011""",100.0,103.9,3.9,3.9,11.7,226600.0,Bachelor's degree,3,Less than 5 years,2,Moderate-term on-the-job training,4,0,0,0,0,103.2009999999999
"Ambulance drivers and attendants, except emergency medical technicians    * Ambulance Attendant* Emergency Medical Services (EMS) Driver* Emergency Medical Services Driver","=""53-3011""",12.3,12.1,-0.2,-1.3,1.4,34330.0,High school diploma or equivalent,7,,4,Moderate-term on-the-job training,4,0,0,0,0,12.328999999999997
Amusement and recreation attendants    * Amusement Park Worker* Animal Ride Attendant* Arcade Attendant* Carnival Worker* Ferris Wheel Operator* Golf Caddy* Ice Rink Attendant* Ride Operator* Rides Attendant* Ski Lift Attendant* Ski Lift Operator* Sports Complex Attendant,"=""39-3091""",392.3,405.5,13.2,3.4,102.4,30490.0,No formal educational credential,8,,4,Short-term on-the-job training,5,0,0,0,0,408.7429999999999
Animal breeders    * Cat Breeder* Dairy Husbandry Worker* Dog Breeder* Equine Breeder* Horse Breeder* Livestock Breeder* Poultry Inseminator* Stallion Manager,"=""45-2021""",7.9,8.1,0.2,2.4,1.2,52000.0,High school diploma or equivalent,7,,4,Short-term on-the-job training,5,0,0,0,0,8.056000000000013
Animal caretakers    * Animal Care Giver* Animal Care Technician* Animal Caregiver* Animal Daycare Provider* Animal Groomer* Animal Shelter Worker* Animal Sitter* Aquarist* Aquarium Tank Attendant* Cat and Dog Bather* Dog Bather* Dog Beautician* Dog Groomer* Dog Sitter* Horse Exerciser* Kennel Aide* Kennel Attendant* Kennel Helper* Kennel Worker* Pet Feeder* Pet Groomer* Pet Sitter* Pet Stylist* Zookeeper,"=""39-2021""",392.1,439.6,47.6,12.1,74.6,33470.0,High school diploma or equivalent,7,,4,Short-term on-the-job training,5,0,0,0,0,425.9159999999994
Animal control workers    * Animal Control Officer* Animal Cruelty Investigator* Animal Treatment Investigator* Animal Warden* Dog Catcher* Dog Warden* Humane Officer,"=""33-9011""",12.2,12.7,0.5,3.9,1.3,45830.0,High school diploma or equivalent,7,,4,Moderate-term on-the-job training,4,0,0,0,0,12.389999999999993
Animal scientists    * Animal Geneticist* Animal Nutritionist* Beef Cattle Nutritionist* Dairy Scientist* Poultry Scientist* Swine Genetics Researcher,"=""19-1011""",2.8,2.9,0.2,5.8,0.2,79120.0,Bachelor's degree,3,,4,,6,0,0,0,0,2.897
Animal trainers    * Dog Handler* Dog Trainer* Dolphin Trainer* Guide Dog Instructor* Guide Dog Mobility Instructor* Guide Dog Trainer* Horse Breaker* Licensed Guide Dog Instructor* Lion Trainer* Marine Mammal Trainer* Seeing Eye Dog Trainer,"=""39-2011""",47.3,49.8,2.4,5.1,7.1,38750.0,High school diploma or equivalent,7,,4,Moderate-term on-the-job training,4,0,0,0,0,49.57699999999999
Anthropologists and archeologists    * Anthropologist* Applied Anthropologist* Archaeologist* Ethnoarchaeologist* Medical Anthropologist* Physical Anthropologist* Political Anthropologist* Research Anthropologist* Research Archaeologist,"=""19-3091""",8.8,9.2,0.3,3.7,0.8,64910.0,Master's degree,2,,4,,6,0,0,0,0,9.088000000000006
"Anthropology and archeology teachers, postsecondary    * Cultural Anthropology Professor* Ethnoarchaeology Professor* Near East Archeology Professor* Paleology Professor* Sociocultural Anthropology Professor","=""25-1061""",6.5,6.7,0.2,2.7,0.5,95770.0,Doctoral or professional degree,1,,4,,6,0,0,0,0,6.621999999999998
"Arbitrators, mediators, and conciliators    * Alternative Dispute Resolution Coordinator* Mediation Commissioner* Ombudsman","=""23-1022""",9.1,9.5,0.4,4.3,0.3,67710.0,Bachelor's degree,3,Less than 5 years,2,Moderate-term on-the-job training,4,0,0,0,0,9.225
"Architects, except landscape and naval    * Building Architect* Building Architectural Designer* Structural Architect","=""17-1011""",123.6,128.4,4.8,3.9,7.8,96690.0,Bachelor's degree,3,,4,Internship/residency,1,0,0,0,0,128.4529999999999
Architectural and civil drafters    * Architectural Drafter* Building Drafter* Civil Computer-Aided Design and Drafting Technician* Civil Drafter* Structural Drafter,"=""17-3011""",110.5,115.1,4.6,4.1,10.0,64280.0,Associate's degree,4,,4,,6,0,0,0,0,115.28900000000013
Architectural and engineering managers    * Electrical Engineering Director* Engineering Design Manager* Engineering Manager* Engineering Research Manager* Global Engineering Manager* Mechanical Engineering Director* Process Engineering Manager,"=""11-9041""",212.5,220.5,8.0,3.8,14.5,167740.0,Bachelor's degree,3,5 years or more,1,,6,0,0,0,0,220.93199999999996
"Architecture teachers, postsecondary    * Architectural Design Professor* Architecture Professor* Interior Design Professor* Landscape Architecture Professor","=""25-1031""",11.6,11.9,0.2,2.0,0.9,101480.0,Doctoral or professional degree,1,,4,,6,0,0,0,0,11.861000000000004
Archivists    * Digital Archivist* Film Archivist* Historical Records Administrator* Image Archivist* Museum Archivist* Processing Archivist* Reference Archivist* State Archivist,"=""25-4011""",9.3,9.7,0.4,3.8,1.1,61570.0,Master's degree,2,,4,,6,0,0,0,0,9.241000000000001
"Area, ethnic, and cultural studies teachers, postsecondary    * African Studies Professor* Asian Studies Professor* Black Studies Professor* Ethnology Professor* Gender Studies Professor* Latin American Studies Professor* Women's Studies Professor","=""25-1062""",14.5,14.8,0.3,2.4,1.1,84290.0,Doctoral or professional degree,1,,4,,6,0,0,0,0,14.876999999999985
Art directors    * Magazine Designer,"=""27-1011""",135.0,140.7,5.7,4.2,12.3,111040.0,Bachelor's degree,3,5 years or more,1,,6,0,0,0,0,141.826
"Art, drama, and music teachers, postsecondary    * Ballet Professor* Graphic Design Professor* Media Arts Professor* Music Professor* Photography Professor* Piano Performance and Pedagogy Professor* Piano Professor* Scene and Lighting Design Lecturer* Stagecraft Professor* Theatre Professor* Voice Professor","=""25-1121""",122.8,124.8,2.1,1.7,9.0,80190.0,Master's degree,2,,4,,6,0,0,0,0,125.44599999999993
"Artists and related workers, all other    * Calligrapher* Tattoo Artist","=""27-1019""",13.9,14.0,0.1,0.8,1.2,72760.0,No formal educational credential,8,,4,Long-term on-the-job training,3,0,0,0,0,14.188999999999997
Astronomers    * Astrophysicist* Cosmologist* Extragalactic Astronomer* Galactic Astronomer* High-energy Astrophysicist* Optical Astronomer* Planetary Astronomer* Radio Astronomer* Solar Astronomer* Stellar Astronomer* Theoretical Astronomer,"=""19-2011""",1.8,1.8,0.0,2.2,0.1,132170.0,Doctoral or professional degree,1,,4,,6,0,0,0,0,1.739000000000001
Athletes and sports competitors    * National Association for Stock Car Auto Racing Driver* Profession Cyclist* Professional All Terrain Vehicle Racer* Professional Athlete* Professional Auto Racer* Professional Baseball Pitcher* Professional Baseball Player* Professional Basketball Player* Professional Bass Fisher* Professional Bicycle Racer* Professional Bicyclist* Professional Billiard Player* Professional Bowler* Professional Bull Rider* Professional Car Racer* Professional Dirt Bike Racer* Professional Drag Car Racer* Professional Figure Skater* Professional Football Player* Professional Golfer* Professional Hockey Player* Professional Horse Racer* Professional Ice Skater* Professional Jockey* Professional Kick Boxer* Professional Motocross Racer* Professional Prize Fighter* Professional Pugilist* Professional Race Car Driver* Professional Roller Skater* Professional Skater* Professional Skier* Professional Snowboarder* Professional Soccer Player* Professional Softball Player* Professional Stock Car Driver* Professional Surfer* Professional Swimmer* Professional Tennis Player* Professional Volleyball Player* Professional Wrestler,"=""27-2021""",19.1,20.2,1.0,5.5,2.1,62360.0,No formal educational credential,8,,4,Long-term on-the-job training,3,0,0,0,0,19.985000000000028
Athletic trainers    * Certified Athletic Trainer* Clinical Athletic Instructor* Resident Athletic Trainer,"=""29-9091""",33.9,37.6,3.8,11.1,2.4,60250.0,Master's degree,2,,4,,6,0,0,0,0,37.16999999999998
Atmospheric and space scientists    * Atmospheric Chemist* Atmospheric Scientist* Climatologist* Hurricane Tracker* Meteorologist* Oceanographic Meteorologist* Space Scientist* Storm Chaser* Tornado Chaser* Warning Coordination Meteorologist* Weather Analyst* Weather Forecaster* Weatherman,"=""19-2021""",9.4,9.5,0.1,0.7,0.7,97450.0,Bachelor's degree,3,,4,,6,0,0,0,0,9.362999999999998
"Atmospheric, earth, marine, and space sciences teachers, postsecondary    * Climatology Professor* Earth Science Professor* Geology Professor* Geoscience Professor* Meteorology Professor* Mineralogy Professor* Oceanic Sciences Professor* Oceanography Professor* Volcanology Professor","=""25-1051""",14.0,14.4,0.4,2.6,1.0,101390.0,Doctoral or professional degree,1,,4,,6,0,0,0,0,14.363000000000001
Audio and video technicians    * Audio-Visual Production Specialist* Event AV Operator* Video Control Operator* Video Equipment Technician* Video Production Assistant,"=""27-4011""",92.3,95.4,3.1,3.3,7.3,54830.0,Postsecondary nondegree award,5,,4,Short-term on-the-job training,5,0,0,0,0,94.13399999999996
Audiologists    * Clinical Audiologist* Dispensing Audiologist* Educational Audiologist* Hearing Therapist* Licensed Audiologist* Pediatric Audiologist,"=""29-1181""",15.8,17.3,1.5,9.5,0.7,92120.0,Doctoral or professional degree,1,,4,,6,0,0,0,0,16.81299999999999
Audiovisual equipment installers and repairers    * Cable Installation Technician* Electric Organ Checker* Electronic Musical Instrument Repairer* Home Stereo Equipment Installer* Home Theater Installer* Satellite Dish Installer* Stereo Equipment Installer* Television Installer* Television Repairer* Wireless Internet Installer,"=""49-2097""",24.6,26.3,1.6,6.6,2.6,50620.0,Postsecondary nondegree award,5,,4,Short-term on-the-job training,5,0,0,0,0,25.914000000000016
Automotive and watercraft service attendants    * Auto Service Station Attendant* Gas Pump Attendant* Gas Station Attendant* Gas and Oil Servicer* Oil Changer* Pump Jockey* Service Station Attendant,"=""53-6031""",100.0,99.0,-1.0,-1.0,14.4,34850.0,No formal educational credential,8,,4,Short-term on-the-job training,5,0,0,0,0,98.60199999999999
Automotive body and related repairers    * Auto Body Customizer* Auto Body Technician* Auto Body Worker* Auto Bumper Straightener* Body Shop Worker* Body and Frame Technician* Car Refinisher* Truck Body Repairer* Vehicle Body Sander,"=""49-3021""",172.6,175.4,2.8,1.6,14.6,51680.0,High school diploma or equivalent,7,,4,Long-term on-the-job training,3,0,0,0,0,173.40100000000007
Automotive glass installers and repairers    * Auto Glass Installer* Auto Glass Mechanic* Automotive Glass Technician* Automotive Glazier* Windshield Installer* Windshield Repair Technician,"=""49-3022""",20.4,21.1,0.7,3.6,1.4,47260.0,High school diploma or equivalent,7,,4,Moderate-term on-the-job training,4,0,0,0,0,20.51699999999998
Automotive service technicians and mechanics    * Auto Clutch Rebuilder* Auto Clutch Specialist* Auto Radiator Specialist* Auto Suspension and Steering Mechanic* Auto Transmission Specialist* Automotive Alignment Specialist* Automotive Brake Adjuster* Automotive Brake Specialist* Automotive Brake Technician* Automotive Fuel Injection Servicer* Automotive Fuel Systems Converter* Automotive Specialty Technician* Hybrid Car Mechanic* Motor Tune-Up Specialist,"=""49-3023""",805.6,839.2,33.6,4.2,70.0,49670.0,Postsecondary nondegree award,5,,4,Short-term on-the-job training,5,0,0,0,0,857.2819999999997
Avionics technicians    * Aircraft Armament Mechanic* Aircraft Electrician* Aircraft Instrument Mechanic* Airplane Electrician* Automatic Pilot Mechanic* Aviation Electronics Technician* In-Flight Refueling System Repairer,"=""49-2091""",21.4,23.1,1.7,8.2,1.8,81390.0,Postsecondary nondegree award,5,,4,,6,0,0,0,0,22.852999999999966
Baggage porters and bellhops    * Baggage Porter* Bell Staff* Bellperson* Bellstaff* Hotel Baggage Handler* Luggage Attendant* Redcap* Skycap,"=""39-6011""",32.5,32.0,-0.5,-1.6,4.6,36020.0,High school diploma or equivalent,7,,4,Short-term on-the-job training,5,0,0,0,0,32.28999999999998
Bailiffs    * City Bailiff* County Bailiff* Court Bailiff* Court Officer* Court Security Officer* Deputy Bailiff,"=""33-3011""",19.0,18.6,-0.4,-2.2,1.8,57050.0,High school diploma or equivalent,7,,4,Moderate-term on-the-job training,4,0,0,0,0,18.311999999999998
Bakers    * Bagel Maker* Bread Baker* Dough Maker* Pastry Baker* Pastry Finisher* Pie Baker* Pie Maker,"=""51-3011""",249.1,263.2,14.0,5.6,39.9,36650.0,No formal educational credential,8,,4,Moderate-term on-the-job training,4,0,0,0,0,264.67900000000026
Barbers    * Barber Apprentice* Master Barber,"=""39-5011""",76.0,79.2,3.1,4.1,8.4,38960.0,Postsecondary nondegree award,5,,4,,6,0,0,0,0,79.61999999999995
Bartenders    * Barkeep* Drink Mixer* Mixologist* Taproom Attendant,"=""35-3011""",756.7,801.5,44.8,5.9,129.6,33530.0,No formal educational credential,8,,4,Short-term on-the-job training,5,0,0,0,0,815.1300000000001
Bicycle repairers    * Bicycle Mechanic* Bicycle Service Technician* Bike Mechanic,"=""49-3091""",13.2,12.9,-0.3,-2.3,1.6,40360.0,High school diploma or equivalent,7,,4,Moderate-term on-the-job training,4,0,0,0,0,13.009
Bill and account collectors    * Accounts Collector* Bill Collector* Billing Representative* Collection Agent* Collections Clerk* Collections Representative* Debt Collector* Installment Agent* Installment Loan Collector* Insurance Collector* Payment Collector* Repossessor,"=""43-3011""",166.9,149.4,-17.5,-10.5,13.7,46040.0,High school diploma or equivalent,7,,4,Moderate-term on-the-job training,4,0,0,0,0,154.85500000000013
Billing and posting clerks    * Billing Clerk* Invoice Clerk* Invoice Control Clerk* Posting Clerk* Statement Clerk* Statement Distribution Clerk* Statement Processor,"=""43-3021""",429.8,427.9,-1.9,-0.4,42.2,47170.0,High school diploma or equivalent,7,,4,Moderate-term on-the-job training,4,0,0,0,0,439.19600000000037
Biochemists and biophysicists    * Biochemist* Biological Chemist* Biophysicist* Clinical Biochemist* Physical Biochemist,"=""19-1021""",35.6,37.6,2.1,5.8,2.9,103650.0,Doctoral or professional degree,1,,4,,6,0,0,0,0,36.712999999999994
Bioengineers and biomedical engineers    * Bio-Mechanical Engineer* Biochemical Engineer* Biomaterials Engineer* Biomedical Engineer* Dialysis Engineer* Genetic Engineer,"=""17-2031""",22.2,23.3,1.1,5.2,1.3,106950.0,Bachelor's degree,3,,4,,6,0,0,0,0,22.100999999999985
"Biological science teachers, postsecondary    * Anatomy Professor* Bacteriology Professor* Biochemistry Professor* Botany Professor* Embryology Professor* Microbiology Professor* Zoology Professor","=""25-1042""",66.0,70.8,4.8,7.3,5.4,83460.0,Doctoral or professional degree,1,,4,,6,0,0,0,0,70.45000000000003
"Biological scientists, all other    * Biologist* Bryologist* Embryologist* Osteologist* Paleobotanist* Phytopathologist* Plant Etiologist","=""19-1029""",63.7,64.5,0.8,1.2,4.8,93330.0,Bachelor's degree,3,,4,,6,0,0,0,0,65.30499999999999
Biological technicians    * Bacteriology Technician* Biochemistry Technician* Biology Laboratory Assistant* Marine Fisheries Technician* Microbiology Technician* Wildlife Technician,"=""19-4021""",82.7,85.6,2.9,3.5,9.1,52000.0,Bachelor's degree,3,,4,,6,0,0,0,0,85.75200000000004
Boilermakers    * Boiler Fitter* Boiler Installer* Boiler Mechanic* Boiler Setter* Boiler Tester* Boilermaker Mechanic,"=""47-2011""",10.4,10.1,-0.2,-2.4,0.8,73340.0,High school diploma or equivalent,7,,4,Apprenticeship,2,0,0,0,0,10.366000000000007
"Bookkeeping, accounting, and auditing clerks    * Accounts Receivable Assistant* Accounts Receivable Clerk* Auditing Clerk* Bookkeeper* Fixed Capital Clerk* Foreign Exchange Position Clerk* Mortgage Accounting Clerk","=""43-3031""",1613.4,1519.1,-94.3,-5.8,170.0,49210.0,"Some college, no degree",6,,4,Moderate-term on-the-job training,4,0,0,0,0,1566.5840000000007
Brickmasons and blockmasons    * Adobe Layer* Block Layer* Blockmason* Brick Chimney Builder* Brick Setter* Bricklayer* Brickmason* Brickmason Apprentice* Firebrick Layer* Furnace Mason* Pottery Kiln Builder* Refractory Bricklayer,"=""47-2021""",74.1,76.4,2.4,3.2,5.6,60800.0,High school diploma or equivalent,7,,4,Apprenticeship,2,0,0,0,0,76.186
Bridge and lock tenders    * Bridge Operator* Bridge Tender* Dam Tender* Lighthouse Keeper* Lock and Dam Operator,"=""53-6011""",2.9,2.8,-0.1,-3.3,0.3,58490.0,High school diploma or equivalent,7,,4,Short-term on-the-job training,5,0,0,0,0,2.9250000000000016
Broadcast announcers and radio disc jockeys    * Commercial Announcer* Game Show Host* Radio Artist* Radio Disc Jockey* Radio Host* Talk Show Host* Television Host,"=""27-3011""",24.1,22.8,-1.3,-5.5,2.3,45680.0,Bachelor's degree,3,,4,,6,0,0,0,0,23.251999999999995
Broadcast technicians    * Broadcast Engineer* Broadcast Maintenance Engineer* Broadcast Operations Engineer* Radio Station Audio Engineer* Radio/Television Technician* Remote Broadcast Engineer* Telecasting Engineer* Television Audio Engineer,"=""27-4012""",24.8,24.2,-0.7,-2.8,1.8,53920.0,Associate's degree,4,,4,Short-term on-the-job training,5,0,0,0,0,24.272
Brokerage clerks    * Brokerage Purchase-and-Sale Clerk* Commodities Clerk* Dividend Clerk* Securities Clerk,"=""43-4011""",40.8,36.9,-3.9,-9.5,4.1,62940.0,High school diploma or equivalent,7,,4,Moderate-term on-the-job training,4,0,0,0,0,39.437000000000005
Budget analysts    * Budget Analyst* Budget Coordinator* Budget Examiner* Budget Officer* Cost Analyst,"=""13-2031""",50.4,51.0,0.5,1.0,3.1,87930.0,Bachelor's degree,3,,4,,6,0,0,0,0,49.69800000000003
"Building cleaning workers, all other    * Building Pressure Washer* Chimney Sweep* Chimney Sweeper","=""37-2019""",18.1,18.5,0.5,2.5,2.6,42360.0,No formal educational credential,8,,4,Short-term on-the-job training,5,0,0,0,0,18.44900000000002
Bus and truck mechanics and diesel engine specialists    * Biodiesel Engine Specialist* Diesel Engine Fitter* Diesel Service Technician* Marine Diesel Technician* School Bus Mechanic* Tractor Trailer Mechanic* Truck Engine Technician,"=""49-3031""",319.9,327.7,7.8,2.4,26.5,60640.0,High school diploma or equivalent,7,,4,Long-term on-the-job training,3,0,0,0,0,321.7920000000003
"Bus drivers, school    * School Bus Driver* School Bus Operator* Special Education Bus Driver","=""53-3051""",387.3,388.2,0.9,0.2,61.0,47040.0,High school diploma or equivalent,7,,4,Short-term on-the-job training,5,0,0,0,0,390.1490000000003
"Bus drivers, transit and intercity    * Charter Coach Driver* Motor Coach Bus Driver* Motor Coach Driver* Motor Coach Tour Operator* Public Transit Bus Driver* Public Transit Trolley Driver","=""53-3052""",158.8,165.6,6.8,4.3,20.9,57440.0,High school diploma or equivalent,7,,4,Moderate-term on-the-job training,4,0,0,0,0,162.77499999999986
"Business operations specialists, all other    * Mystery Shopper* Ship Purser","=""13-1199""",1205.7,1242.0,36.3,3.0,108.2,81270.0,Bachelor's degree,3,,4,,6,0,0,0,0,1246.2339999999997
"Business teachers, postsecondary    * Accounting Professor* Banking and Finance Instructor* Business Administration Professor* Finance Professor* Management Professor* Marketing Instructor* Marketing Professor","=""25-1011""",103.1,109.0,5.8,5.7,8.1,97270.0,Doctoral or professional degree,1,,4,,6,0,0,0,0,107.76899999999998
Butchers and meat cutters    * Butcher* Butcher Apprentice* Halal Butcher* Kosher Butcher* Meat Carver* Meat Clerk* Meat Counter Worker,"=""51-3021""",143.1,144.5,1.4,1.0,16.9,38960.0,No formal educational credential,8,,4,Long-term on-the-job training,3,0,0,0,0,145.49300000000005
Buyers and purchasing agents,"=""13-1020""",522.2,552.3,30.1,5.8,52.2,75650.0,Bachelor's degree,3,,4,Moderate-term on-the-job training,4,0,0,0,0,561.2200000000001
Cabinetmakers and bench carpenters    * Cabinet Builder* Cabinetmaker* Marquetry Worker* Wood Furniture Assembler* Wood Working Assembler,"=""51-7011""",86.0,84.7,-1.4,-1.6,8.1,46020.0,High school diploma or equivalent,7,,4,Moderate-term on-the-job training,4,0,0,0,0,85.74699999999997
Calibration technologists and technicians    * Calibration Technician* Calibration Technologist* Hydrometer Calibrator,"=""17-3028""",15.8,16.5,0.7,4.7,1.4,65040.0,Associate's degree,4,,4,,6,0,0,0,0,16.504999999999992
Camera and photographic equipment repairers    * Aircraft Photographic Equipment Repairer* Camera Machinist* Camera Repair Technician* Camera Repairer* Photographic Equipment Technician,"=""49-9061""",2.3,1.9,-0.3,-15.1,0.2,49300.0,High school diploma or equivalent,7,,4,Long-term on-the-job training,3,0,0,0,0,2.0480000000000023
"Camera operators, television, video, and film    * Electronic News Gathering Camera Operator* Motion Picture Camera Operator* Movie Shot Camera Operator* News Camera Operator* News Videographer* Television Camera Operator* Video Camera Operator","=""27-4031""",36.4,36.9,0.4,1.2,2.9,68810.0,Bachelor's degree,3,,4,,6,0,0,0,0,36.808000000000035
"Captains, mates, and pilots of water vessels    * Barge Captain* Barge Master* Boat Pilot* Car Ferry Captain* Car Ferry Master* Coastal Tug Mate* Deck Officer* Docking Pilot* Ferry Boat Captain* Ferry Captain* Ferryboat Captain* First Mate* Harbor Boat Pilot* Harbor Pilot* Harbor Tug Captain* Port Captain* River Boat Captain* River Pilot* Sailboat Captain* Ship Harbor Pilot* Tow Boat Captain* Towboat Pilot* Tug Boat Captain* Tugboat Captain* Tugboat Mate* Tugboat Operator* Tugboat Pilot","=""53-5021""",40.7,40.9,0.2,0.5,4.3,85540.0,Postsecondary nondegree award,5,Less than 5 years,2,,6,0,0,0,0,41.249000000000045
Cardiovascular technologists and technicians    * Cardiac Catheterization Laboratory Technologist* Cardiac Catheterization Technologist* Cardiac Monitor Technician* Cardiac Technician* Cardiopulmonary Technologist* Cardiovascular Interventional Technologist* Cardiovascular Technologist* EKG Technician* Electrocardiogram Technician* Electrocardiograph Operator* Pulmonary Function Technologist,"=""29-2031""",64.7,66.6,1.9,3.0,3.8,67260.0,Associate's degree,4,,4,,6,0,0,0,0,66.77400000000004
"Career/technical education teachers, middle school    * Junior High School Business Teacher* Middle School Technology Education Teacher","=""25-2023""",14.0,13.8,-0.3,-2.0,0.9,63620.0,Bachelor's degree,3,Less than 5 years,2,,6,0,0,0,0,13.948999999999986
"Career/technical education teachers, postsecondary    * Architectural Drafting Instructor* Automotive Technology Instructor* Aviation Maintenance Instructor* Barbering Instructor* Building Trades Instructor* Carpentry Instructor* Computer-Aided Drafting and Design Instructor* Cosmetology Instructor* Electrical Technology Instructor* Electronics Technology Instructor* HVAC Instructor* Industrial Electrical Technology Instructor* Industrial Maintenance Instructor* Machine Tool Technician Instructor* Masonry Instructor* Mechanical Maintenance Instructor* Paralegal Instructor* Residential Construction Instructor* Skin Care Instructor* Upholstery Instructor* Vocational Horticulture Instructor* Welding Instructor","=""25-1194""",122.2,123.0,0.8,0.7,8.8,61490.0,Bachelor's degree,3,Less than 5 years,2,,6,0,0,0,0,123.19300000000007
"Career/technical education teachers, secondary school    * High School Auto Repair Teacher* High School Cosmetology Teacher","=""25-2032""",103.4,101.5,-1.9,-1.8,6.2,63910.0,Bachelor's degree,3,Less than 5 years,2,,6,0,0,0,0,100.079
Cargo and freight agents    * Cargo Agent* Cargo Router* Freight Agent* Freight Shipping Agent,"=""43-5011""",100.6,109.2,8.6,8.5,8.8,49900.0,High school diploma or equivalent,7,,4,Short-term on-the-job training,5,0,0,0,0,106.435
Carpenters    * Beam Builder* Building Carpenter* Construction Carpenter* Counter Installer* Custom Wood Stair Builder* Finish Carpenter* Hardwood Floor Installer* House Carpenter* Wood Floor Layer,"=""47-2031""",959.0,1002.1,43.1,4.5,74.1,59310.0,High school diploma or equivalent,7,,4,Apprenticeship,2,0,0,0,0,972.2830000000001
Carpet installers    * Carpet Layer* Commercial Carpet Installer* Residential Carpet Installer* Wall-to-Wall Carpet Installer,"=""47-2041""",20.3,18.3,-1.9,-9.6,1.1,49850.0,No formal educational credential,8,,4,Short-term on-the-job training,5,0,0,0,0,18.48500000000001
"Cartographers and photogrammetrists    * Cadastral Mapper* Digital Cartographer* Engineer, Photogrammetric* Map Maker* Mapper* Orthophotography Technician* Photo Cartographer* Photogrammetrist* Topographer","=""17-1021""",13.4,14.3,0.9,6.4,1.0,78380.0,Bachelor's degree,3,,4,,6,0,0,0,0,14.127999999999979
Cashiers    * Cash Register Operator* Check Out Cashier* Fare Collector* Grocery Checker* Hotel Dining Room Cashier* Snack Bar Cashier* Toll Booth Operator* Toll Collector,"=""41-2011""",3157.2,2843.6,-313.6,-9.9,542.6,31190.0,No formal educational credential,8,,4,Short-term on-the-job training,5,0,0,0,0,2979.252
Cement masons and concrete finishers    * Cement Mason* Cement Patcher* Concrete Finisher* Concrete Floor Installer* Concrete Mason* Concrete Smoother* Concrete Swimming Pool Installer,"=""47-2051""",206.7,210.4,3.8,1.8,14.3,54660.0,No formal educational credential,8,,4,Moderate-term on-the-job training,4,0,0,0,0,215.485
Chefs and head cooks    * Banquet Chef* Chef De Cuisine* Chef De Froid* Executive Chef* Head Chef* Kitchen Chef* Master Chef* Pastry Chef* Sous Chef* Sushi Chef,"=""35-1011""",197.3,211.3,14.0,7.1,24.4,60990.0,High school diploma or equivalent,7,5 years or more,1,,6,0,0,0,0,213.55699999999982
Chemical engineers    * Absorption and Adsorption Engineer* Chemical Process Engineer* Chemical Research Engineer* Fuels Engineer* Oxidation Engineer* Plastics Engineer* Polymerization Engineer,"=""17-2041""",21.6,22.1,0.6,2.6,1.1,121860.0,Bachelor's degree,3,,4,,6,0,0,0,0,21.925999999999977
Chemical equipment operators and tenders    * Acid Purification Equipment Operator* Chemical Machine Tender* Chemical Process Equipment Operator* Chemical Processor* Chemical Treatment Operator,"=""51-9011""",128.9,133.1,4.3,3.3,14.4,57090.0,High school diploma or equivalent,7,,4,Moderate-term on-the-job training,4,0,0,0,0,133.948
Chemical plant and system operators    * Chemical Plant Operator* Chemical Treatment Plant Technician* Nitric Acid Plant Operator* Nitrogen Operator* Pharmaceutical Manufacturing Machine Operator,"=""51-8091""",18.1,17.0,-1.1,-6.1,1.6,73540.0,High school diploma or equivalent,7,,4,Moderate-term on-the-job training,4,0,0,0,0,17.251000000000015
Chemical technicians    * Assayer* Chemical Laboratory Technician* Inorganic Chemical Technician,"=""19-4031""",57.0,59.0,2.1,3.7,6.7,57790.0,Associate's degree,4,,4,Moderate-term on-the-job training,4,0,0,0,0,59.22300000000001
"Chemistry teachers, postsecondary    * Chemistry Professor* Inorganic Chemistry Professor* Organic Chemistry Professor* Physical Chemistry Professor* Phytochemistry Professor","=""25-1052""",25.4,26.0,0.6,2.2,1.9,86220.0,Doctoral or professional degree,1,,4,,6,0,0,0,0,26.04
Chemists    * Agricultural Chemist* Analytical Chemist* Bench Chemist* Food Chemist* Formulary Chemist* Industrial Chemist* Inorganic Chemist* Laboratory Chemist* Nuclear Chemist* Organic Chemist* Quality Control Chemist* Research and Development Chemist,"=""19-2031""",86.8,91.0,4.3,4.9,6.3,84150.0,Bachelor's degree,3,,4,,6,0,0,0,0,90.77499999999996
Chief executives    * Admiral* CEO* COO* Chief Executive Officer* Chief Financial Officer* Chief Operating Officer* Chief Sustainability Officer* Commissioner of Internal Revenue* County Commissioner* Government Service Executive* Governor* Mayor* School Superintendent* University President,"=""11-1011""",309.4,322.7,13.3,4.3,22.2,206420.0,Bachelor's degree,3,5 years or more,1,,6,0,0,0,0,319.3880000000003
"Child, family, and school social workers    * C-CYFSW* Certified Children, Youth, and Family Social Worker* Child Abuse Worker* Child Protective Services Social Worker* Child Protective Services Specialist* Child Welfare Social Worker* Child Welfare Worker* Child and Family Services Worker* Family Preservation Caseworker* Family Preservation Worker* Family Service Caseworker* Foster Care Social Worker* Foster Care Worker* School Social Worker","=""21-1021""",399.9,413.3,13.4,3.4,35.1,58570.0,Bachelor's degree,3,,4,,6,0,0,0,0,429.73499999999984
Childcare workers    * Au Pair* Baby Sitter* Before and After School Daycare Worker* Childcare Aide* Childcare Attendant* Day Care Attendant* Day Care Worker* Daycare Aide* Daycare Provider* Governess* Nanny* Nursery Day Care Worker* Playground Aide,"=""39-9011""",991.6,962.4,-29.2,-2.9,160.2,32050.0,High school diploma or equivalent,7,,4,Short-term on-the-job training,5,0,0,0,0,1032.7960000000007
Chiropractors    * Chiropractic Doctor* Chiropractic Physician,"=""29-1011""",57.2,62.6,5.4,9.5,2.8,79000.0,Doctoral or professional degree,1,,4,,6,0,0,0,0,61.79200000000008
Choreographers    * Dance Director* Dance Master,"=""27-2032""",4.6,4.9,0.3,6.1,0.7,55600.0,High school diploma or equivalent,7,5 years or more,1,Long-term on-the-job training,3,0,0,0,0,4.880999999999997
Civil engineering technologists and technicians    * Civil Engineering Technician* Civil Engineering Technologist* Concrete Engineering Technician* Geotechnical Engineering Technician* Highway Engineering Technician* Structural Engineering Technician* Transportation Engineering Technician,"=""17-3022""",64.9,66.2,1.4,2.1,5.5,64200.0,Associate's degree,4,,4,,6,0,0,0,0,66.80599999999995
Civil engineers    * Architectural Engineer* Bridge Engineer* Construction Engineer* Facilities Engineer* Geotechnical Engineer* Highway Engineer* Hydrographic Engineer* Railroad Design Consultant* Research Hydraulic Engineer* Structural Engineer,"=""17-2051""",368.9,387.5,18.5,5.0,23.6,99590.0,Bachelor's degree,3,,4,,6,0,0,0,0,383.4059999999999
"Claims adjusters, examiners, and investigators    * Claims Analyst* Fire Claims Adjuster* Health Claims Examiner* Health Insurance Adjuster* Independent Insurance Adjuster* Medical Claims Analyst* Medical Claims Examiner* Property Damage Claims Adjustor* Property and Casualty Insurance Claims Examiner* Reinsurance Claims Analyst* Workers Compensation Claims Adjuster* Workers Compensation Claims Examiner","=""13-1031""",356.1,337.9,-18.2,-5.1,21.1,76790.0,High school diploma or equivalent,7,,4,Long-term on-the-job training,3,0,0,0,0,352.0030000000003
Cleaners of vehicles and equipment    * Aircraft Cleaner* Auto Cleaner* Auto Detailer* Automobile Detailer* Beer Coil Cleaner* Boat Detailer* Bus Cleaner* Bus Washer* Car Wash Attendant* Car Washer* Equipment Cleaner* Machine Cleaner* Railroad Car Cleaner* Truck Washer,"=""53-7061""",410.1,426.2,16.0,3.9,56.2,35270.0,No formal educational credential,8,,4,Short-term on-the-job training,5,0,0,0,0,432.26699999999977
"Cleaning, washing, and metal pickling equipment operators and tenders    * Acid Dipper* Bottle Washing Machine Operator* Degreaser Operator* Glass Cleaning Machine Tender* Immersion Metal Cleaner* Metal Pickling Equipment Operator* Pickle House Operator","=""51-9192""",14.6,15.2,0.5,3.6,1.6,41460.0,High school diploma or equivalent,7,,4,Moderate-term on-the-job training,4,0,0,0,0,15.115000000000018
Clergy    * Cantor* Children's Pastor* College Chaplain* Hebrew Cantor* Hospital Chaplain* Imam* Minister* Parish Priest* Pastor* Priest* Rabbi* Reverend* Vicar* Youth Pastor,"=""21-2011""",262.0,264.6,2.6,1.0,23.0,60820.0,Bachelor's degree,3,,4,Moderate-term on-the-job training,4,0,0,0,0,275.6549999999999
Clinical and counseling psychologists    * Eating Disorder Psychologists* Geropsychologists,"=""19-3033""",76.3,84.8,8.5,11.2,4.8,95830.0,Doctoral or professional degree,1,,4,Internship/residency,1,0,0,0,0,83.57400000000003
Clinical laboratory technologists and technicians,"=""29-2010""",351.2,357.2,6.0,1.7,22.6,61890.0,Bachelor's degree,3,,4,,6,0,0,0,0,366.5839999999998
Coaches and scouts    * Athletic Coach* Baseball Coach* Baseball Scout* Basketball Coach* Boxing Coach* Coach* Football Coach* Hockey Scout* Ice Skating Coach* Riding Coach* Ski Coach* Tennis Coach,"=""27-2022""",306.5,326.0,19.5,6.4,41.8,45920.0,Bachelor's degree,3,,4,,6,0,0,0,0,322.93
"Coating, painting, and spraying machine setters, operators, and tenders    * Aircraft Painter* Auto Body Painter* Auto Painter* Automobile Body Painter* Automobile Refinisher* Automotive Paint Technician* Automotive Refinish Technician* Automotive Spray Painter* Boat Painter* Electrostatic Paint Operator* Lacquer Spray Booth Operator* Paint Line Operator* Railroad Car Painter* Spraying Machine Operator* Tactical Vehicle Painter","=""51-9124""",165.5,166.7,1.2,0.7,15.8,47590.0,High school diploma or equivalent,7,,4,Moderate-term on-the-job training,4,0,0,0,0,164.32500000000022
"Coil winders, tapers, and finishers    * Coil Builder* Coil Former* Coil Winder* Motor Rewinder* Motor Winder* Multiple Coil Winder* Rotor Coil Taper* Wire Coiler* Wire Winder* Wire Winding Machine Tender","=""51-2021""",12.2,11.5,-0.8,-6.3,1.2,47260.0,High school diploma or equivalent,7,,4,Moderate-term on-the-job training,4,0,0,0,0,11.597999999999995
"Coin, vending, and amusement machine servicers and repairers    * Arcade Games Mechanic* Coin Box Collector* Juke Box Mechanic* Parking Meter Collector* Slot Machine Mechanic* Slot Technician* Stamp Machine Servicer* Vending Machine Filler","=""49-9091""",32.5,31.6,-0.9,-2.9,3.5,47350.0,High school diploma or equivalent,7,,4,Short-term on-the-job training,5,0,0,0,0,32.28999999999995
Commercial and industrial designers    * Automobile Designer* Bank Note Designer* Bicycle Designer* Car Body Designer* Ceramic Designer* Ceramic Mold Designer* Furniture Designer* Package Designer* Rug Designer* Snowboard Designer* Textile Designer* Tile Designer* Toy Designer,"=""27-1021""",30.6,31.6,1.0,3.2,2.5,79450.0,Bachelor's degree,3,,4,,6,0,0,0,0,31.210999999999967
Commercial divers    * Marine Diver* Non Destructive Testing Underwater Welder* Salvage Diver* Scuba Diver* Submarine Diver* Underwater Welder,"=""49-9092""",4.2,4.5,0.4,8.5,0.4,61130.0,Postsecondary nondegree award,5,,4,Moderate-term on-the-job training,4,0,0,0,0,4.358999999999997
Commercial pilots    * Aerial Crop Duster* Aerial Hurricane Hunter* Aerial Sprayer* Agricultural Pilot* Air Ambulance Captain* Air Tour Pilot* Balloon Pilot* Charter Pilot (Commercial Pilot Certificate Required)* Charter Pilot (Commercial)* Commercial Helicopter Pilot* Corporate Pilot* EMS Helicopter Pilot* Emergency Medical Service Helicopter Pilot* Emergency Medical Service Rotary Wing Pilot* Executive Pilot* Flight Instructor (Commercial Pilots)* Helicopter Pilot,"=""53-2012""",55.4,58.3,2.8,5.1,6.6,122670.0,Postsecondary nondegree award,5,,4,Moderate-term on-the-job training,4,0,0,0,0,57.94800000000006
"Communications equipment operators, all other    * Communications Equipment Operator* Radio Operator* Telegraph and Teletype Operator* Telex Operator","=""43-2099""",1.4,1.5,0.0,2.5,0.1,49910.0,High school diploma or equivalent,7,,4,Short-term on-the-job training,5,0,0,0,0,1.567
"Communications teachers, postsecondary    * Interpersonal Communications Professor* Journalism Professor* Professor of Communication and Writing* Professor of Rhetoric* Public Speaking Professor* Speech Professor","=""25-1122""",35.8,36.6,0.8,2.1,2.7,77800.0,Doctoral or professional degree,1,,4,,6,0,0,0,0,35.97699999999997
"Community and social service specialists, all other    * Community Organization Worker* Veterans Service Officer","=""21-1099""",119.2,124.7,5.5,4.6,13.1,54940.0,Bachelor's degree,3,,4,,6,0,0,0,0,124.61500000000012
Community health workers    * CHW* Community Health Advisor* Community Health Representative* Lay Health Advocate* Peer Health Promoter* Promotor(a),"=""21-1094""",65.1,72.5,7.4,11.3,7.8,51030.0,High school diploma or equivalent,7,,4,Short-term on-the-job training,5,0,0,0,0,72.32100000000003
Compensation and benefits managers    * Compensation Director* Employee Benefits Coordinator* Employee Benefits Director* Employee Benefits Manager* Wage and Salary Administrator,"=""11-3111""",20.9,20.9,0.0,0.2,1.5,140360.0,Bachelor's degree,3,5 years or more,1,,6,0,0,0,0,21.080000000000005
"Compensation, benefits, and job analysis specialists    * Benefits Analyst* Compensation Analyst* Compensation Specialist* Employee Benefits Specialist* Job Analyst* Job Specification Writer* Occupational Analyst* Pension Administrator* Position Classification Specialist* Retirement Plan Specialist","=""13-1141""",107.0,112.7,5.6,5.3,8.5,77020.0,Bachelor's degree,3,Less than 5 years,2,,6,0,0,0,0,111.91500000000008
Compliance officers    * Air Pollution Compliance Inspector* Compliance Investigator* Driver's License Examiner* EEO Officer* Environmental Compliance Inspector* Equal Employment Opportunity Investigator* Equal Employment Opportunity Officer* Equal Employment Opportunity Representative* Immigration Investigator* Inspector of Weights and Measures* License Inspector* Mortician Investigator* Wage and Hour Investigator,"=""13-1041""",418.0,430.3,12.3,3.0,33.3,78420.0,Bachelor's degree,3,,4,Moderate-term on-the-job training,4,0,0,0,0,432.58299999999997
Computer and information research scientists    * Computational Theory Scientist* Computer Scientist* Control System Computer Scientist* Programming Methodology and Languages Researcher,"=""15-1221""",40.3,48.3,7.9,19.7,3.2,140910.0,Master's degree,2,,4,,6,0,0,0,0,46.65200000000007
Computer and information systems managers    * Application Development Director* Chief Technology Officer* Computer Operations Manager* Computer Security Manager* Data Operations Director* Data Processing Manager* Information Systems Director* Information Systems Manager* Information Technology Director* Information Technology Systems Director* Internet Technology Manager* MIS Director* Management Information Systems Director,"=""11-3021""",667.1,768.7,101.6,15.2,55.6,171200.0,Bachelor's degree,3,5 years or more,1,,6,0,0,0,0,735.1849999999994
Computer hardware engineers    * Computer Hardware Designer* Computer Hardware Developer,"=""17-2061""",76.8,82.4,5.6,7.3,4.7,155020.0,Bachelor's degree,3,,4,,6,0,0,0,0,82.85099999999998
Computer network architects    * Computer Network Engineer* Network Designer* Network Developer* Network Engineer,"=""15-1241""",179.2,200.6,21.4,11.9,11.2,130390.0,Bachelor's degree,3,5 years or more,1,,6,0,0,0,0,194.63999999999993
Computer network support specialists    * Network Diagnostic Support Specialist* Network Support Technician* Network Technician,"=""15-1231""",152.7,155.5,2.8,1.8,9.6,73340.0,Associate's degree,4,,4,Moderate-term on-the-job training,4,0,0,0,0,154.44700000000006
Computer numerically controlled tool operators    * CNC Machine Operator* CNC Operator* Computer Numerically Controlled (CNC) Machinist* Computer Numerically Controlled (CNC) Milling Machine Operator* Computer Numerically Controlled (CNC) Shot Peening Operator* Jig Boring Machine Operator* Numerical Control Machine Operator* Welding Robot Operator,"=""51-9161""",177.1,158.1,-19.0,-10.7,13.5,49970.0,High school diploma or equivalent,7,,4,Moderate-term on-the-job training,4,0,0,0,0,161.87200000000016
Computer numerically controlled tool programmers    * Computer Numerically Controlled (CNC) Programmer* Numerical Control Programmer* Numerical Tool Programmer* Numerical Tool and Process Control Programmer,"=""51-9162""",28.3,31.9,3.6,12.8,3.1,65670.0,Postsecondary nondegree award,5,,4,Moderate-term on-the-job training,4,0,0,0,0,31.305000000000042
"Computer occupations, all other    * Computer Console Operator* Computer Laboratory Technician* Data Center Operator","=""15-1299""",472.0,510.5,38.5,8.2,31.3,108970.0,Bachelor's degree,3,,4,,6,0,0,0,0,500.004
Computer programmers    * Applications Programmer* Computer Language Coder* Computer Programmer* IT Programmer* Junior Software Developer* Mainframe Programmer* Systems Programmer,"=""15-1251""",121.2,113.9,-7.2,-6.0,5.5,98670.0,Bachelor's degree,3,,4,,6,0,0,0,0,118.0079999999999
"Computer science teachers, postsecondary    * C++ Professor* Computer Information Systems Professor* Computer Programming Professor* IT Professor* Information Systems Professor* Information Technology Professor* Java Programming Professor","=""25-1021""",44.8,47.2,2.4,5.3,3.5,96690.0,Doctoral or professional degree,1,,4,,6,0,0,0,0,47.10599999999993
Computer systems analysts    * Applications Analyst* Computer Systems Consultant* Data Processing Systems Analyst* Information Systems Analyst* Information Systems Planner* Programmer Analyst* Systems Architect,"=""15-1211""",521.1,566.5,45.5,8.7,34.2,103790.0,Bachelor's degree,3,,4,,6,0,0,0,0,565.5149999999999
Computer user support specialists    * Computer Customer Support Specialist* Computer Help Desk Representative* Computer Help Desk Specialist* End-User Support Specialist* Help Desk Analyst* Help Desk Technician* IT Support Specialist* PC Support Specialist,"=""15-1232""",729.5,702.5,-27.0,-3.7,40.8,60340.0,"Some college, no degree",6,,4,Moderate-term on-the-job training,4,0,0,0,0,723.3390000000003
"Computer, automated teller, and office machine repairers    * ATM Servicer* Cash Register Servicer* Computer Repair Technician* Computer Repairer* Computer Service Technician* Copier Technician* Copying Machine Repairer* Data Processing Equipment Repairer* Photocopying Equipment Repairer* Printer Repair Technician","=""49-2011""",79.1,78.4,-0.7,-0.9,7.6,46860.0,"Some college, no degree",6,,4,Short-term on-the-job training,5,0,0,0,0,79.63599999999994
Concierges    * Activities Concierge* Club Concierge* Conference Concierge* Guest Service Supervisor* Hotel Concierge* Hotel Guest Service Agent,"=""39-6012""",45.6,46.7,1.1,2.3,6.8,37320.0,High school diploma or equivalent,7,,4,Moderate-term on-the-job training,4,0,0,0,0,46.837999999999944
Conservation scientists    * Conservation Science Officer* Grassland Conservationist* Land Reclamation Specialist* Land Resource Specialist* Range Conservationist* Range Ecologist* Range Scientist* Resource Conservationist* Soil Conservationist* Water Conservationist,"=""19-1031""",28.5,29.5,1.0,3.4,2.5,67950.0,Bachelor's degree,3,,4,,6,0,0,0,0,29.53
Construction and building inspectors    * Architectural Inspector* Bridge Inspector* Building Code Inspector* Building Inspector* Construction Inspector* Electrical Inspector* Elevator Inspector* Highway Inspector* Home Inspector* Plumbing Inspector* Public Works Inspector* Residential Building Inspector,"=""47-4011""",147.6,146.5,-1.2,-0.8,14.8,72120.0,High school diploma or equivalent,7,5 years or more,1,Moderate-term on-the-job training,4,0,0,0,0,147.15300000000005
Construction laborers    * Air Hammer Operator* Construction Craft Laborer* Construction Trench Digger,"=""47-2061""",1457.0,1563.4,106.5,7.3,129.4,46730.0,No formal educational credential,8,,4,Short-term on-the-job training,5,0,0,0,0,1570.7649999999994
Construction managers    * Construction Coordinator* Construction Superintendent* General Contractor* Masonry Contractor Administrator,"=""11-9021""",550.3,598.4,48.1,8.7,46.8,106980.0,Bachelor's degree,3,,4,Moderate-term on-the-job training,4,0,0,0,0,587.7180000000003
Continuous mining machine operators    * Bore Miner Operator* Continuous Mining Machine Coal Miner* Continuous Mining Machine Lode Miner* Continuous Mining Machine Miner* Self-Propelled Mining Machine Operator,"=""47-5041""",14.9,15.0,0.1,0.6,1.6,63380.0,No formal educational credential,8,,4,Moderate-term on-the-job training,4,0,0,0,0,15.026000000000002
"Control and valve installers and repairers, except mechanical door    * Air Valve Mechanic* Electric Meter Installer* Gas Meter Installer* Gas Meter Mechanic* Thermostat Repairer* Valve Mechanic* Water Meter Installer","=""49-9012""",47.7,48.3,0.6,1.3,3.9,74690.0,High school diploma or equivalent,7,,4,Moderate-term on-the-job training,4,0,0,0,0,48.43200000000006
Conveyor operators and tenders    * Ash Conveyor Operator* Assembly Line Tender* Chip Bin Conveyor Tender* Conveyor Belt Operator* Conveyor Tender* Grain Elevator Operator* Packing Line Operator,"=""53-7011""",29.1,28.1,-1.0,-3.4,2.6,41230.0,No formal educational credential,8,,4,Short-term on-the-job training,5,0,0,0,0,28.66000000000001
"Cooks, all other    * Falafel Cart Cook* Fraternity House Cook","=""35-2019""",24.0,25.3,1.3,5.5,3.7,36210.0,No formal educational credential,8,,4,Moderate-term on-the-job training,4,0,0,0,0,25.146000000000008
"Cooks, fast food    * Fast Food Cook* Fast Food Fry Cook* Fryline Attendant","=""35-2011""",669.5,579.2,-90.3,-13.5,82.1,30160.0,No formal educational credential,8,,4,Short-term on-the-job training,5,0,0,0,0,646.3059999999994
"Cooks, institution and cafeteria    * Cafeteria Cook* Camp Cook* Galley Cook* Institutional Cook* Mess Cook* School Cook","=""35-2012""",466.1,475.4,9.3,2.0,69.7,36450.0,No formal educational credential,8,,4,Short-term on-the-job training,5,0,0,0,0,478.5650000000003
"Cooks, private household    * Certified Personal Chef* Personal Chef* Private Chef","=""35-2013""",34.2,36.0,1.7,5.1,5.3,44530.0,Postsecondary nondegree award,5,Less than 5 years,2,,6,0,0,0,0,36.248000000000005
"Cooks, restaurant    * Banquet Cook* Breakfast Cook* Chef De Partie* Line Cook* Saucier* Specialty Cook","=""35-2014""",1460.2,1677.2,217.0,14.9,250.7,36830.0,No formal educational credential,8,Less than 5 years,2,Moderate-term on-the-job training,4,0,0,0,0,1701.115
"Cooks, short order    * Griddle Attendant* Griddle Cook* Grill Cook* Short Order Fry Cook* Snack Bar Cook","=""35-2015""",151.1,142.7,-8.4,-5.6,20.6,35620.0,No formal educational credential,8,,4,Short-term on-the-job training,5,0,0,0,0,145.27300000000017
Cooling and freezing equipment operators and tenders    * Ammonia Refrigeration Worker* Chiller Operator* Chiller Tender* Freezer Operator* Refrigerating Machine Operator* Refrigeration Operator,"=""51-9193""",7.1,7.6,0.5,7.2,0.8,40160.0,High school diploma or equivalent,7,,4,Moderate-term on-the-job training,4,0,0,0,0,7.540000000000013
Correctional officers and jailers    * Certified Detention Deputy* Convict Guard* Correction Officer* Correctional Guard* Correctional Sergeant* Detention Deputy* Detention Officer* Jail Guard* Juvenile Corrections Officer* Penal Officer* Prison Guard* Prison Officer,"=""33-3012""",387.5,357.4,-30.1,-7.8,30.1,57970.0,High school diploma or equivalent,7,,4,Moderate-term on-the-job training,4,0,0,0,0,371.3750000000003
Correspondence clerks    * Claims Correspondence Clerk* Correspondence Representative* Correspondence Transcriber* Customer Service Correspondence Clerk* Fan Mail Editor* Medicare Correspondence Representative* Student Loan Correspondent,"=""43-4021""",6.9,6.5,-0.4,-5.6,0.7,46740.0,High school diploma or equivalent,7,,4,Short-term on-the-job training,5,0,0,0,0,6.497999999999999
Cost estimators    * Construction Estimator* Construction Job Cost Estimator* Crating and Moving Estimator* Electrical Estimator* Job Estimator* Production Cost Estimator,"=""13-1051""",221.4,212.1,-9.3,-4.2,16.9,77070.0,Bachelor's degree,3,,4,Moderate-term on-the-job training,4,0,0,0,0,214.20499999999993
Costume attendants    * Theatrical Wardrobe Attendant* Theatrical Wardrobe Dresser* Wardrobe Assistant* Wardrobe Attendant* Wardrobe Custodian* Wardrobe Dresser* Wardrobe Supervisor,"=""39-3092""",6.7,7.1,0.4,5.9,1.8,54810.0,High school diploma or equivalent,7,,4,Short-term on-the-job training,5,0,0,0,0,7.133000000000009
"Counselors, all other    * AIDS Counselor* Anger Control Counselor* Grief Counselor* HIV Counselor* Sexual Assault Counselor","=""21-1019""",69.1,77.8,8.7,12.6,7.4,49830.0,Master's degree,2,,4,,6,0,0,0,0,76.24300000000008
Counter and rental clerks    * Airplane Charter Clerk* Apartment Rental Clerk* Automobile Rental Clerk* Automotive Service Writer* Bicycle Rental Clerk* Boat Rental Clerk* Car Rental Agent* Dry Cleaning Counter Clerk* Layaway Clerk* Rental Clerk* Storage Facility Rental Clerk* Video Rental Clerk,"=""41-2021""",408.2,421.3,13.1,3.2,45.9,38540.0,No formal educational credential,8,,4,Short-term on-the-job training,5,0,0,0,0,432.1489999999998
Couriers and messengers    * Bank Courier* Bicycle Messenger* Courier* Court Messenger* Laboratory Courier* Office Messenger* Office Runner,"=""43-5021""",247.2,267.6,20.4,8.2,27.9,38340.0,High school diploma or equivalent,7,,4,Short-term on-the-job training,5,0,0,0,0,269.7669999999997
Court reporters and simultaneous captioners    * Court Recording Monitor* Court Stenographer* Court Transcriber* Deposition Reporter* Realtime Captioner* Stenocaptioner* Voice Writing Reporter,"=""27-3092""",17.7,17.7,0.0,-0.3,1.7,67310.0,Postsecondary nondegree award,5,,4,Short-term on-the-job training,5,0,0,0,0,17.764000000000024
"Court, municipal, and license clerks    * Circuit Court Clerk* City Clerk* Court Clerk* Courtroom Clerk* Deputy Court Clerk* Docket Clerk* Dog Licenser* License Clerk* Motor Vehicle License Clerk* Motor Vehicle Representative* Municipal Clerk* Tax Clerk* Township Clerk* Warrant Clerk","=""43-4031""",180.4,185.9,5.5,3.0,18.5,47700.0,High school diploma or equivalent,7,,4,Long-term on-the-job training,3,0,0,0,0,187.507
Craft artists    * Hand Potter* Metal Crafts Artist* Quilter,"=""27-1012""",11.6,11.9,0.2,2.1,1.0,38480.0,No formal educational credential,8,,4,Long-term on-the-job training,3,0,0,0,0,11.848999999999995
Crane and tower operators    * Boom Crane Operator* Bridge Crane Operator* Cherry Picker Operator* Coal Tower Operator* Electric Crane Operator* Erecting Crane Operator* Monorail Crane Operator* Overhead Crane Operator* Port Crane Operator* Radio Control Crane Operator* Scrap Crane Operator* Tower Loader Operator* Woodyard Crane Operator,"=""53-7021""",42.3,43.5,1.3,3.0,3.8,66370.0,High school diploma or equivalent,7,Less than 5 years,2,Moderate-term on-the-job training,4,0,0,0,0,43.684999999999974
Credit analysts    * Chief Credit Analyst* Credit Analyst* Credit Assessment Analyst* Credit Risk Analyst* Factorer,"=""13-2041""",67.8,64.8,-3.0,-4.4,3.7,80970.0,Bachelor's degree,3,,4,,6,0,0,0,0,69.21599999999997
"Credit authorizers, checkers, and clerks    * Charge Authorizer* Commercial Credit Reviewer* Credit Authorizer* Credit Charge Authorizer* Credit Checker* Credit Investigator* Credit Processor* Credit Rating Checker* Credit Reference Clerk* Credit Report Checker","=""43-4041""",12.0,11.3,-0.7,-6.2,1.0,49130.0,High school diploma or equivalent,7,,4,Moderate-term on-the-job training,4,0,0,0,0,11.390999999999988
Credit counselors    * Credit Counselor* Debt Management Counselor* Student Financial Aid Counselor* Student Loan Counselor,"=""13-2071""",31.8,32.9,1.1,3.3,2.2,50480.0,Bachelor's degree,3,,4,Moderate-term on-the-job training,4,0,0,0,0,32.77800000000004
Crematory operators    * Cremation Arranger* Cremator* Crematory Operator,"=""39-4012""",3.1,3.2,0.1,3.3,0.6,42880.0,High school diploma or equivalent,7,,4,Short-term on-the-job training,5,0,0,0,0,3.2869999999999964
"Criminal justice and law enforcement teachers, postsecondary    * Criminal Justice Professor* Criminology Professor* Penology Professor","=""25-1111""",16.2,16.5,0.3,2.0,1.2,71470.0,Doctoral or professional degree,1,,4,,6,0,0,0,0,16.42499999999999
Crossing guards and flaggers    * Construction Site Crossing Guard* Crossing Guard* School Crossing Guard* School Traffic Guard,"=""33-9091""",91.4,94.7,3.3,3.6,18.0,37700.0,No formal educational credential,8,,4,Short-term on-the-job training,5,0,0,0,0,94.91599999999998
"Crushing, grinding, and polishing machine setters, operators, and tenders    * Beveling and Edging Machine Operator* Beveller Operator* Blanchard Grinder Operator* Crusher Plant Operator* Cullet Crusher and Washer* Industrial Coffee Grinder* Marble and Granite Polisher* Mix Crusher Operator* Pulverizer Operator","=""51-9021""",28.7,27.9,-0.7,-2.5,2.7,46890.0,High school diploma or equivalent,7,,4,Moderate-term on-the-job training,4,0,0,0,0,28.475000000000026
Curators    * Collections Curator* Collections and Archives Director* Educational Institution Curator* Exhibitions and Collections Manager* Herbarium Curator* Museum Curator* Photography and Prints Curator,"=""25-4012""",15.1,16.2,1.1,7.0,1.8,61770.0,Master's degree,2,,4,,6,0,0,0,0,16.068000000000026
Customer service representatives    * Complaint Clerk* Contact Center Specialist* Customer Complaint Clerk* Customer Contact Specialist* Customer Relations Representative* Customer Support Representative* Gas Distribution and Emergency Clerk* Passenger Relations Representative* Policyholder Information Clerk* Warranty Clerk,"=""43-4051""",2814.0,2660.3,-153.7,-5.5,341.7,42830.0,High school diploma or equivalent,7,,4,Short-term on-the-job training,5,0,0,0,0,2760.0939999999973
"Cutters and trimmers, hand    * Fur Trimmer* Hand Cloth Cutter* Hand Fabric Cutter* Portable Machine Cutter","=""51-9031""",7.0,5.7,-1.3,-18.1,0.6,38800.0,No formal educational credential,8,,4,Short-term on-the-job training,5,0,0,0,0,6.188000000000003
"Cutting and slicing machine setters, operators, and tenders    * Dog Food Shredder Operator* Glass Cutting Machine Operator* Insulation Cutter* Paper Cutter* Paper Slitter* Rubber Trimmer* Shearing Machine Tender* Trimming Operator","=""51-9032""",49.0,47.9,-1.1,-2.3,5.3,45700.0,High school diploma or equivalent,7,,4,Moderate-term on-the-job training,4,0,0,0,0,48.337999999999994
"Cutting, punching, and press machine setters, operators, and tenders, metal and plastic    * Crimping Machine Operator for Metal* Four Slide Machine Setter* Metal Punch Press Operator* Metal Slitter* Metal Stamper","=""51-4031""",174.7,153.6,-21.1,-12.1,14.4,45590.0,High school diploma or equivalent,7,,4,Moderate-term on-the-job training,4,0,0,0,0,156.36600000000018
Data entry keyers    * Customs Entry Clerk* Data Entry Clerk* Data Input Clerk* Data Keyer* Data Processing Clerk* Data Typist* Key Punch Operator* Keypunch Operator* Keypuncher,"=""43-9021""",141.6,104.9,-36.7,-25.9,9.5,39850.0,High school diploma or equivalent,7,,4,Short-term on-the-job training,5,0,0,0,0,120.6569999999999
Data scientists    * Business Intelligence Developer* Data Analytics Specialist* Data Mining Analyst* Data Visualization Developer,"=""15-2051""",245.9,328.3,82.5,33.5,23.4,112590.0,Bachelor's degree,3,,4,,6,0,0,0,0,303.4959999999996
Database administrators    * Automatic Data Processing Planner* Database Administration Manager* Database Coordinator* Database Programmer* Database Security Administrator,"=""15-1242""",78.0,77.5,-0.5,-0.7,3.8,104620.0,Bachelor's degree,3,,4,,6,0,0,0,0,78.86899999999996
Database architects    * Data Architect* Data Integration Specialist* Data Warehousing Specialist* Database Developer,"=""15-1243""",66.9,72.7,5.8,8.7,4.0,135980.0,Bachelor's degree,3,Less than 5 years,2,,6,0,0,0,0,71.15999999999995
Demonstrators and product promoters    * Home Demonstrator* Home Service Demonstrator* Hostess Party Sales Representative* In-Store Demonstrator,"=""41-9011""",79.2,79.1,-0.1,-0.1,14.0,37960.0,No formal educational credential,8,,4,Short-term on-the-job training,5,0,0,0,0,80.38700000000009
Dental assistants    * Certified Dental Assistant* Dental Aide* Expanded Functions Dental Assistant* Orthodontic Assistant* Orthodontist Assistant* Registered Dental Assistant* Surgical Dental Assistant,"=""31-9091""",381.9,406.3,24.4,6.4,52.9,47300.0,Postsecondary nondegree award,5,,4,,6,0,0,0,0,399.50900000000007
Dental hygienists    * Oral Hygienist* RDH* Registered Dental Hygienist,"=""29-1292""",221.6,237.2,15.5,7.0,15.3,94260.0,Associate's degree,4,,4,,6,0,0,0,0,226.14499999999987
Dental laboratory technicians    * Crown Ceramist* Crown and Bridge Dental Lab Technician* Crown and Bridge Technician* Dental Ceramist* Dental Laboratory Worker* Dental Mold Maker* Dental Technician* Orthodontic Technician,"=""51-9081""",35.2,33.6,-1.6,-4.7,3.9,48310.0,High school diploma or equivalent,7,,4,Moderate-term on-the-job training,4,0,0,0,0,34.02999999999995
"Dentists, all other specialists    * Endodontist* Maxillofacial Pathology* Oral Pathologist* Pediatric Dentist* Pedodontist* Periodontist* Public Health Dentist","=""29-1029""",6.6,6.6,0.0,0.3,0.2,225770.0,Doctoral or professional degree,1,,4,Internship/residency,1,0,0,0,0,6.609000000000008
"Dentists, general    * Family Dentist","=""29-1021""",129.8,135.2,5.4,4.1,3.9,172790.0,Doctoral or professional degree,1,,4,,6,0,0,0,0,134.07500000000007
"Derrick operators, oil and gas    * Derrick Operator* Fracturing Derrick Operator* Gas Derrick Operator* Oil Derrick Operator* Rotary Derrick Operator* Well Service Derrick Worker","=""47-5011""",11.3,11.3,0.1,0.5,1.0,62740.0,No formal educational credential,8,Less than 5 years,2,Short-term on-the-job training,5,0,0,0,0,11.43999999999999
"Designers, all other    * Memorial Marker Designer","=""27-1029""",28.6,29.2,0.6,2.0,2.2,66220.0,Bachelor's degree,3,,4,,6,0,0,0,0,29.403999999999982
Desktop publishers    * DTP Operator* Desktop Publishing Specialist* Electronic Console Display Operator* Electronic Imager* Electronic Pagination System Operator* Electronic Publisher* Electronic Publishing Specialist,"=""43-9031""",5.0,4.4,-0.6,-12.4,0.4,53620.0,Associate's degree,4,,4,Short-term on-the-job training,5,0,0,0,0,5.2239999999999975
Detectives and criminal investigators    * Criminal Investigator* Deputy United States Marshal* FBI Investigator* Homicide Detective* Narcotics Detective* Narcotics Investigator* Police Detective,"=""33-3021""",117.9,117.1,-0.8,-0.7,7.8,93580.0,High school diploma or equivalent,7,Less than 5 years,2,Moderate-term on-the-job training,4,0,0,0,0,121.01900000000006
Diagnostic medical sonographers    * Cardiac/Vascular Sonographer* Echocardiogram Technician* Echocardiographer* Echocardiographic Technologist* Echocardiography Technician* Echocardiology Technologist* Registered Diagnostic Medical Sonographer* Sonographer* Ultrasonographer* Ultrasound Technician* Ultrasound Technologist,"=""29-2032""",90.0,101.7,11.7,13.0,5.8,89340.0,Associate's degree,4,,4,,6,0,0,0,0,97.68699999999994
Dietetic technicians    * Clinical Dietetic Technician* Cook Chill Technician* DTR* Dietary Aide* Dietary Technician* Nutrition Technician* Registered Diet Technician,"=""29-2051""",30.9,31.7,0.8,2.5,4.0,37040.0,Associate's degree,4,,4,,6,0,0,0,0,31.080999999999975
Dietitians and nutritionists    * Clinical Dietitian* Dietitian* Nutritionist* Pediatric Dietician* Public Health Dietitian* Public Health Nutritionist* Research Dietitian* Sports Nutritionist* Therapeutic Dietitian,"=""29-1031""",90.9,95.9,5.0,5.5,6.2,73850.0,Bachelor's degree,3,,4,Internship/residency,1,0,0,0,0,96.68999999999991
Dining room and cafeteria attendants and bartender helpers    * Banquet Set Up Person* Bar Back* Barback* Buffet Attendant* Bus Person* Busser* Lunchroom Attendant,"=""35-9011""",527.4,560.6,33.1,6.3,99.6,32670.0,No formal educational credential,8,,4,Short-term on-the-job training,5,0,0,0,0,558.5639999999996
"Directors, religious activities and education    * Campus Ministry Director* Christian Education Minister* Education Minister* Parish Religious Education Director* Religious Activities Director* Religious Education Coordinator* Religious Education Director* Student Ministries Director* Youth Ministry Director","=""21-2021""",138.9,141.8,2.9,2.1,13.8,54840.0,Bachelor's degree,3,Less than 5 years,2,,6,0,0,0,0,142.70499999999996
Dishwashers    * Dish Room Worker* Dishwasher* Silverware Cleaner,"=""35-9021""",477.7,478.6,0.9,0.2,76.8,33670.0,No formal educational credential,8,,4,Short-term on-the-job training,5,0,0,0,0,485.1259999999995
"Dispatchers, except police, fire, and ambulance    * Airplane Dispatch Clerk* Auto Service Dispatcher* Bus Dispatcher* Crew Dispatcher* Maintenance Dispatcher* School Bus Dispatcher* Taxicab Dispatcher* Tow Truck Dispatcher* Train Dispatcher* Truck Dispatcher","=""43-5032""",218.7,216.7,-2.1,-0.9,18.5,48880.0,High school diploma or equivalent,7,,4,Moderate-term on-the-job training,4,0,0,0,0,215.94100000000006
"Door-to-door sales workers, news and street vendors, and related workers    * Newspaper Carrier* Newstand Vendor* Peddler* Souvenir Street Vendor","=""41-9091""",25.3,22.8,-2.5,-10.0,2.7,34530.0,No formal educational credential,8,,4,Short-term on-the-job training,5,0,0,0,0,23.28399999999999
"Drafters, all other    * Blueprint Tracer* Drafting Layout Worker* Draughtsman* Geological Drafter* Marine Drafter","=""17-3019""",17.1,15.9,-1.2,-6.9,1.3,62010.0,Associate's degree,4,,4,,6,0,0,0,0,16.92800000000001
Dredge operators    * Dredge Deckhand* Dredge Engineer* Dredge Mate* Dredger,"=""53-7031""",1.1,1.2,0.0,1.2,0.1,48430.0,High school diploma or equivalent,7,,4,Moderate-term on-the-job training,4,0,0,0,0,1.036000000000001
"Drilling and boring machine tool setters, operators, and tenders, metal and plastic    * Bore Mill Operator for Plastic* Boring Mill Operator for Metal* Drill Press Operator for Metal* Horizontal Boring Mill Operator for Metal* Radial Drill Operator for Plastic* Radial Drill Press Operator for Plastic* Reaming Machine Operator for Plastic","=""51-4032""",5.3,4.3,-1.0,-19.6,0.4,46630.0,High school diploma or equivalent,7,,4,Moderate-term on-the-job training,4,0,0,0,0,5.249
Driver/sales workers    * Bobtailer* Delivery Sales worker* Newspaper Deliverer* Newspaper Delivery Driver* Pizza Delivery Driver* Route Sales Person* Route Salesperson* Sales Route Driver,"=""53-3031""",451.5,491.3,39.8,8.8,51.3,37130.0,High school diploma or equivalent,7,,4,Short-term on-the-job training,5,0,0,0,0,483.49100000000004
Drywall and ceiling tile installers    * Acoustical Ceiling Installer* Drywall Applicator* Drywall Finisher* Drywall Hanger* Drywall Installer* Drywall Sander* Drywall Stripper* Drywall Worker* Sheet Rock Applier* Sheet Rock Hanger* Sheet Rock Installer* Sheet Rock Worker,"=""47-2081""",103.1,107.4,4.3,4.2,7.7,58140.0,No formal educational credential,8,,4,Moderate-term on-the-job training,4,0,0,0,0,105.95799999999991
"Earth drillers, except oil and gas    * Blast Hole Driller* Churn Drill Operator* Churn Driller* Earth Auger Operator* Earth Boring Machine Operator* Hard Rock Drill Operator* Rock Drill Operator","=""47-5023""",18.3,18.8,0.5,2.9,1.7,59600.0,High school diploma or equivalent,7,Less than 5 years,2,Long-term on-the-job training,3,0,0,0,0,18.31400000000002
"Economics teachers, postsecondary    * Agricultural Economics Professor* Econometrics Professor* Industrial Economics Professor* Labor Economics Professor* Macroeconomics Professor* Microeconomics Professor","=""25-1063""",15.8,16.1,0.3,2.1,1.2,119980.0,Doctoral or professional degree,1,,4,,6,0,0,0,0,16.188999999999982
Economists    * Agricultural Economist* Econometrician* Economic Development Specialist* Economic Research Analyst* Environmental Economist* Industrial Economist* Labor Economist* Price Economist* Social Economist* Tax Economist* Trade Economist,"=""19-3011""",17.6,17.8,0.2,1.2,0.9,115440.0,Master's degree,2,,4,,6,0,0,0,0,17.636000000000013
Editors    * Advertising Editor* Art Editor* Book Editor* Copy Desk Chief* Copy Editor* Index Editor* Manuscript Editor* Newspaper Photo Editor* Publications Editor* Rewrite Editor* Scientific Publications Editor* Sports Editor* Technical Editor,"=""27-3041""",115.8,116.5,0.7,0.6,9.8,75260.0,Bachelor's degree,3,Less than 5 years,2,,6,0,0,0,0,118.84200000000003
"Education administrators, all other","=""11-9039""",60.2,61.7,1.5,2.5,4.1,89040.0,Bachelor's degree,3,Less than 5 years,2,,6,0,0,0,0,61.30199999999993
"Education administrators, kindergarten through secondary    * Elementary School Principal* High School Principal* Junior High School Principal* K-12 School Principal* K-8 School Principal* Middle School Principal* Secondary School Principal","=""11-9032""",333.3,328.1,-5.1,-1.5,20.8,104070.0,Master's degree,2,5 years or more,1,,6,0,0,0,0,338.5959999999998
"Education administrators, postsecondary    * Continuing Education Director* Director of Student Services* Graduate School Dean* Graduate Studies Dean* Provost* University Dean* University Department Chair","=""11-9033""",226.6,230.5,4.0,1.7,15.1,103960.0,Master's degree,2,Less than 5 years,2,,6,0,0,0,0,225.73499999999993
"Education and childcare administrators, preschool and daycare    * Childcare Center Administrator* Childcare Center Director* Early Head Start Director* Head Start Director* Prekindergarten Program Coordinator* Preschool Director","=""11-9031""",90.2,87.9,-2.3,-2.5,5.5,56270.0,Bachelor's degree,3,Less than 5 years,2,,6,0,0,0,0,90.04299999999992
"Education teachers, postsecondary    * Literacy Education Professor* Mathematics Education Professor* Primary Education Professor* Science Education Professor* Secondary Education Professor* Special Education Professor","=""25-1081""",74.9,76.5,1.6,2.1,5.6,72090.0,Doctoral or professional degree,1,Less than 5 years,2,,6,0,0,0,0,76.41999999999997
"Educational instruction and library workers, all other    * Aptitude Test (SAT) Grader* General Educational Development (GED¿) Examiner","=""25-9099""",132.0,134.0,2.0,1.5,12.5,48400.0,Bachelor's degree,3,,4,,6,0,0,0,0,134.04999999999995
"Educational, guidance, and career counselors and advisors    * Admissions Counselor* Career Counselor* Career Technical Counselor* Education Counselor* Guidance Counselor* International Student Counselor* School Adjustment Counselor* School Guidance Counselor* Student Advisor* Student Development Advisor* Student Services Counselor* Student Success Counselor* Study Abroad Advisor* Vocational Adviser","=""21-1012""",376.3,389.6,13.3,3.5,31.0,65140.0,Master's degree,2,,4,,6,0,0,0,0,388.2859999999997
"Electric motor, power tool, and related repairers    * AC/DC Rewinder* Armature Rewinder* Battery Repairer* Dynamo Repairer* Electric Motor Fitter* Electric Motor Rewinder* Electrical Parts Reconditioner","=""49-2092""",17.1,17.7,0.6,3.4,1.7,53990.0,High school diploma or equivalent,7,Less than 5 years,2,Moderate-term on-the-job training,4,0,0,0,0,17.741000000000025
Electrical and electronic engineering technologists and technicians    * Electrical Design Technician* Electrical Engineering Technician* Electrical Power Station Technician* Electrical and Electronic Engineering Technologist* Electronic Instrument Testing Technician* Lighting Engineering Technician* Programmable Logic Controller Programmer* Semiconductor Development Technician,"=""17-3023""",93.7,94.3,0.6,0.6,8.4,77180.0,Associate's degree,4,,4,,6,0,0,0,0,94.41999999999996
Electrical and electronics drafters    * Circuit Board Drafter* Electrical Computer Aided Design and Drafting Technician* Electrical Drafter* Electrical Systems Drafter* Electronic Drafter* Printed Circuit Board Drafter,"=""17-3012""",21.6,20.4,-1.2,-5.6,1.7,73720.0,Associate's degree,4,,4,,6,0,0,0,0,20.596000000000007
"Electrical and electronics installers and repairers, transportation equipment    * Locomotive Electrician* Marine Electronics Repairer* Marine Electronics Technician","=""49-2093""",7.0,7.4,0.4,6.1,0.6,82730.0,Postsecondary nondegree award,5,,4,Long-term on-the-job training,3,0,0,0,0,7.232000000000007
"Electrical and electronics repairers, commercial and industrial equipment    * Industrial Aerial Installer* Industrial Robotics Mechanic* Missile Pad Mechanic* Public Address System Mechanic","=""49-2094""",61.1,60.7,-0.5,-0.8,4.7,71300.0,Postsecondary nondegree award,5,,4,Long-term on-the-job training,3,0,0,0,0,60.12799999999992
"Electrical and electronics repairers, powerhouse, substation, and relay    * Generating Station Mechanic* Power Transformer Repairer* Powerhouse Electrician* Protective Relay Technician* Relay Technician* Substation Electrician* Substation Mechanic","=""49-2095""",23.4,24.7,1.3,5.5,2.0,100940.0,Postsecondary nondegree award,5,Less than 5 years,2,Moderate-term on-the-job training,4,0,0,0,0,24.743000000000006
Electrical engineers    * Electrical Design Engineer* Electrical Systems Engineer* Illuminating Engineer* Power Distribution Engineer,"=""17-2071""",192.0,205.7,13.8,7.2,11.7,111910.0,Bachelor's degree,3,,4,,6,0,0,0,0,206.78200000000007
Electrical power-line installers and repairers    * Electric Powerline Examiner* Electric Utility Lineworker* Electrical High Tension Tester* Electrical Lineworker* Power Lineworker* Underground Conduit Installer,"=""49-9051""",127.4,135.8,8.4,6.6,10.7,92560.0,High school diploma or equivalent,7,,4,Long-term on-the-job training,3,0,0,0,0,133.005
"Electrical, electronic, and electromechanical assemblers, except coil winders, tapers, and finishers","=""51-2028""",261.4,273.3,11.9,4.6,29.6,44040.0,High school diploma or equivalent,7,,4,Moderate-term on-the-job training,4,0,0,0,0,273.81199999999967
Electricians    * Chief Electrician* Control Electrician* Electrical Maintenance Worker* Electrical Sign Wirer* House Wirer* Licensed Electrician* Lighting Fixture Installer* Marine Electrician* Master Electrician* Solar Photovoltaic Electrician* Stage Electrician,"=""47-2111""",818.7,896.1,77.4,9.5,81.0,62350.0,High school diploma or equivalent,7,,4,Apprenticeship,2,0,0,0,0,890.7510000000007
Electro-mechanical and mechatronics technologists and technicians    * Electo-Mechanical and Mechatronics Technologist* Mechatronics Technician* Remotely Piloted Vehicle Engineering Technician* Robotics Testing Technician* Unmanned Aerial Vehicle Operator* Unmanned Air Systems Operator,"=""17-3024""",15.0,15.1,0.2,1.1,1.3,70760.0,Associate's degree,4,,4,,6,0,0,0,0,15.126999999999986
"Electronic equipment installers and repairers, motor vehicles    * Auto Electrician* Auto Phone Installer* Auto Radio Mechanic* Automotive Electrician* Car Alarm Installer* Car Stereo Installer* GPS Car Navigation Installer* Mobile Electronics Installation Specialist","=""49-2096""",10.3,8.9,-1.4,-13.6,0.6,47940.0,High school diploma or equivalent,7,,4,Moderate-term on-the-job training,4,0,0,0,0,10.335999999999999
"Electronics engineers, except computer    * Antenna Engineer* Circuit Design Engineer* Electronic Design Automation Engineer* Electronic Engineer* Electronic Parts Designer* Telecommunication Engineer","=""17-2072""",95.9,101.8,6.0,6.2,5.7,127590.0,Bachelor's degree,3,,4,,6,0,0,0,0,100.66199999999995
"Elementary school teachers, except special education    * 3rd Grade Reading Teacher* 4th Grade Math Teacher* Elementary School Music Teacher* Elementary School Teacher* Grades 1 Through 5 Teacher","=""25-2021""",1422.7,1394.8,-27.9,-2.0,91.0,62340.0,Bachelor's degree,3,,4,,6,0,0,0,0,1394.7290000000005
Elevator and escalator installers and repairers    * Elevator Adjuster* Elevator Constructor* Elevator Installer* Elevator Mechanic* Elevator Repair and Maintenance Technician* Elevator Service Technician* Escalator Installer* Escalator Mechanic* Escalator Service Mechanic* Freight Elevator Erector* Hydraulic Elevator Constructor,"=""47-4021""",24.2,25.4,1.2,5.0,2.0,106580.0,High school diploma or equivalent,7,,4,Apprenticeship,2,0,0,0,0,25.271000000000022
"Eligibility interviewers, government programs    * Medicare Interviewer* Public Housing Interviewer* Social Security Benefits Interviewer* Unemployment Benefits Claims Taker* Welfare Interviewer","=""43-4061""",166.8,168.5,1.7,1.0,14.0,51500.0,High school diploma or equivalent,7,,4,Moderate-term on-the-job training,4,0,0,0,0,165.76600000000016
Embalmers    * Anatomical Embalmer* Arterial Embalmer* Embalmer Apprentice* Licensed Embalmer* Restorative Art Embalmer,"=""39-4011""",3.6,3.7,0.0,1.3,0.6,56280.0,Associate's degree,4,,4,Long-term on-the-job training,3,0,0,0,0,3.606999999999994
Emergency management directors    * Director of Civil Defense* Disaster Response Director* EMS Director* Emergency Management System Director* Emergency Planner* Emergency Planning and Response Manager* Emergency Preparedness Coordinator* Emergency Services Director* Emergency Services Program Coordinator* Public Safety Director,"=""11-9161""",13.2,13.6,0.4,3.0,1.0,86130.0,Bachelor's degree,3,5 years or more,1,,6,0,0,0,0,13.524999999999991
Emergency medical technicians    * EMT* EMT-B* EMT-I/85* EMT-I/99,"=""29-2042""",181.0,190.2,9.2,5.1,14.1,41340.0,Postsecondary nondegree award,5,,4,,6,0,0,0,0,190.7300000000002
Engine and other machine assemblers    * Aircraft Engine Assembler* Assembling Motor Builder* Clutch Housing Assembler* Engine Builder* Gas Turbine Assembler* Generator Assembler* Jet Engine Assembler* Machine Builder* Sewing Machine Assembler* Steam Turbine Assembler* Truck Transmission Assembler* Truck Transmission Builder,"=""51-2031""",38.4,30.3,-8.1,-21.1,2.8,52540.0,High school diploma or equivalent,7,,4,Moderate-term on-the-job training,4,0,0,0,0,30.65600000000004
"Engineering teachers, postsecondary    * Aeronautical Engineering Professor* Ceramic Engineering Professor* Chemical Engineering Professor* Civil Engineering Professor* Electrical Engineering Professor* Electronics Engineering Professor* Industrial Engineering Professor* Manufacturing Engineering Professor* Marine Engineering Professor* Mechanical Engineering Professor* Petroleum Engineering Professor","=""25-1032""",50.3,54.4,4.1,8.1,4.1,106120.0,Doctoral or professional degree,1,,4,,6,0,0,0,0,52.571000000000005
"Engineering technologists and technicians, except drafters, all other    * Agricultural Engineering Technician* Agricultural Engineering Technologist* Biomedical Engineering Technician* Biomedical Engineering Technologist* Chemical Engineering Technician* Chemical Engineering Technologist* Marine Engineering Technician* Marine Engineering Technologist* Materials Engineering Technician* Materials Engineering Technologist* Metallurgical Engineering Technician* Metallurgical Engineering Technologist* Non-Destructive Testing Specialist* Nuclear Engineering Technician* Nuclear Engineering Technologist* Optical Engineering Technician* Optical Engineering Technologist* Ordnance Engineering Technician* Ordnance Engineering Technologist* Radar Technicians* Salvage Engineering Technician* Salvage Engineering Technologist* Sonar Technicians","=""17-3029""",67.3,68.3,1.0,1.5,5.7,77390.0,Associate's degree,4,,4,,6,0,0,0,0,67.98700000000005
"Engineers, all other    * Calibration Engineer* Coastal Engineer* Corrosion Control Engineer* Mathematical Engineer* Mechatronics Engineer* Metrologist* Ocean Engineer* Optical Engineer* Ordnance Engineer* Photonics Engineer* Salvage Engineer","=""17-2199""",158.8,162.1,3.3,2.1,9.3,117750.0,Bachelor's degree,3,,4,,6,0,0,0,0,161.98300000000006
"English language and literature teachers, postsecondary    * Children's Literature Professor* Composition Professor* Contemporary English Literature Professor* Creative Writing English Professor* Etymology Professor* Medieval English Literature Professor* Seventeenth-Century English Literature Professor* Victorian Literature Professor","=""25-1123""",72.2,72.2,0.0,0.0,5.1,78270.0,Doctoral or professional degree,1,,4,,6,0,0,0,0,73.46699999999998
"Entertainment and recreation managers, except gambling    * Amusement Park Manager* Boat Club Manager* Fitness Club Manager* Golf Club Manager* Marina Club Manager* Skating Rink Manager* Ski Resort Manager* Tennis Club Manager* Theme Park Manager","=""11-9072""",43.2,46.5,3.3,7.7,5.5,77180.0,Bachelor's degree,3,Less than 5 years,2,,6,0,0,0,0,46.17799999999998
"Entertainment attendants and related workers, all other    * Jockey Valet","=""39-3099""",8.5,8.8,0.3,3.6,2.2,34550.0,High school diploma or equivalent,7,,4,Short-term on-the-job training,5,0,0,0,0,8.832999999999995
Environmental engineering technologists and technicians    * Air Analysis Engineering Technician* Environmental Engineering Technologist* Environmental Remediation Engineering Technician* Environmental Technician* Pollution Control Engineering Technician,"=""17-3025""",12.9,13.0,0.1,1.2,1.1,58890.0,Associate's degree,4,,4,,6,0,0,0,0,12.886
Environmental engineers    * Air Pollution Control Engineer* Environmental Remediation Engineer* Hazardous Substances Engineer* Hazardous Waste Management Control Engineer* Pollution Control Engineer* Soil Engineer* Waste Management Engineer* Wastewater Treatment Engineer* Water Treatment Plant Engineer,"=""17-2081""",39.4,41.0,1.5,3.9,3.0,104170.0,Bachelor's degree,3,,4,,6,0,0,0,0,39.893
"Environmental science and protection technicians, including health    * Air Quality Technician* Certified Indoor Environmentalist* Environmental Science Technician* Infectious Waste Technician* Pollution Control Technician* Public Health Sanitarian Technician* Radon Inspector","=""19-4042""",40.4,42.1,1.6,4.0,5.6,49490.0,Associate's degree,4,,4,,6,0,0,0,0,42.33199999999999
"Environmental science teachers, postsecondary    * Environmental Science Professor* Environmental Science, Management and Policy Professor* Environmental Studies Professor","=""25-1053""",9.0,9.3,0.3,2.9,0.7,87710.0,Doctoral or professional degree,1,,4,,6,0,0,0,0,9.245999999999988
"Environmental scientists and specialists, including health    * Ecological Modeler* Environmental Analyst* Environmental Scientist* Hazardous Substances Scientist* Health Environmentalist* Water Pollution Scientist* Water Quality Analyst","=""19-2041""",90.3,94.3,4.0,4.4,8.5,80060.0,Bachelor's degree,3,,4,,6,0,0,0,0,93.60399999999996
Epidemiologists    * Clinical Epidemiologist* Communicable Disease Specialist* Environmental Epidemiologist* Epidemiology Investigator* Malariologist* Medical Epidemiologist* Pharmacoepidemiologist,"=""19-1041""",12.3,14.3,2.0,16.2,0.8,83980.0,Master's degree,2,,4,,6,0,0,0,0,13.614999999999984
Etchers and engravers    * Engraver* Glass Etcher* Laser Engraver* Machine Engraver* Metal Engraver* Pantograph Engraver* Rotary Engraver* Rubber Engraver,"=""51-9194""",8.6,8.6,-0.1,-0.7,0.9,40450.0,High school diploma or equivalent,7,,4,Moderate-term on-the-job training,4,0,0,0,0,8.689000000000004
"Excavating and loading machine and dragline operators, surface mining    * Dragline Oiler* Mining Back Hoe Operator* Mining Backhoe Operator* Mining Bulldozer Operator* Mining Earth Moving Equipment Operator* Mining End Loader Operator* Mining Excavator* Mining Excavator Backhoe Operator* Mining Payloader Operator* Mining Shovel Operator* Mining Yard Loader Operator* Trenching Machine Operator","=""47-5022""",35.8,35.6,-0.1,-0.4,3.1,52550.0,High school diploma or equivalent,7,Less than 5 years,2,Moderate-term on-the-job training,4,0,0,0,0,35.73499999999997
Executive secretaries and executive administrative assistants    * Executive Assistant,"=""43-6011""",502.8,494.9,-7.9,-1.6,50.0,74260.0,High school diploma or equivalent,7,Less than 5 years,2,,6,0,0,0,0,513.35
Exercise physiologists    * Applied Exercise Physiologist* Clinical Exercise Physiologist* Kinesiotherapist,"=""29-1128""",23.9,26.1,2.3,9.5,1.7,58160.0,Bachelor's degree,3,,4,,6,0,0,0,0,25.233000000000015
Exercise trainers and group fitness instructors    * Aerobics Instructor* Certified Personal Trainer* Fitness Trainer* Group Exercise Instructor* Group Fitness Instructor* Personal Fitness Trainer* Personal Trainer* Weight Trainer* Weight Training Instructor* Yoga Instructor* Yoga Teacher,"=""39-9031""",370.1,414.2,44.1,11.9,74.2,46180.0,High school diploma or equivalent,7,,4,Short-term on-the-job training,5,0,0,0,0,398.0979999999999
"Explosives workers, ordnance handling experts, and blasters    * Blast Setter* Blaster* Dynamite Shooter* Dynamiter* Explosive Ordnance Handler* Explosive Technician* Mining Powder Crew Worker* Tier and Detonator* Unexploded Ordnance Quality Control Worker","=""47-5032""",5.8,5.8,-0.1,-0.9,0.5,59110.0,High school diploma or equivalent,7,Less than 5 years,2,Long-term on-the-job training,3,0,0,0,0,5.683
"Extraction workers, all other    * Mine Milling Worker* Mine Tailings Worker* Muck Hauler, Extraction* Sand Filler, Extraction","=""47-5099""",6.3,6.4,0.1,1.4,0.7,50110.0,High school diploma or equivalent,7,,4,Moderate-term on-the-job training,4,0,0,0,0,6.346999999999992
"Extruding and drawing machine setters, operators, and tenders, metal and plastic    * Wire Drawing Machine Tender* Wire Mill Rover","=""51-4021""",66.0,66.8,0.8,1.2,6.5,46980.0,High school diploma or equivalent,7,,4,Moderate-term on-the-job training,4,0,0,0,0,66.98400000000002
"Extruding and forming machine setters, operators, and tenders, synthetic and glass fibers    * Drawbench Operator* Fiber Machine Tender* Synthetic Filament Extruder","=""51-6091""",15.2,15.0,-0.2,-1.1,2.0,44980.0,High school diploma or equivalent,7,,4,Moderate-term on-the-job training,4,0,0,0,0,15.167
"Extruding, forming, pressing, and compacting machine setters, operators, and tenders    * Bowling Ball Molder* Brick Maker* Cigarette Stamper* Extrusion Press Operator* Paper Baling Machine Operator* Rubber Extrusion Operator* Sugar Presser* Tuber Operator","=""51-9041""",57.3,58.4,1.1,2.0,5.2,45130.0,High school diploma or equivalent,7,,4,Moderate-term on-the-job training,4,0,0,0,0,58.61799999999996
Fabric and apparel patternmakers    * Clothing Patternmaker* Embroidery Patternmaker* Fabric Pattern Grader,"=""51-6092""",2.8,2.5,-0.3,-10.2,0.3,67670.0,High school diploma or equivalent,7,,4,Moderate-term on-the-job training,4,0,0,0,0,2.6559999999999997
Facilities managers    * Conference Center Manager* Director of University Housing* Stadium Manager,"=""11-3013""",151.4,157.1,5.7,3.8,13.2,104690.0,Bachelor's degree,3,Less than 5 years,2,,6,0,0,0,0,157.8270000000001
Fallers    * Lumberjack* Pulpwood Cutter* Timber Cutter* Timber Faller* Timber Feller,"=""45-4021""",5.6,5.2,-0.4,-7.3,0.7,53900.0,High school diploma or equivalent,7,,4,Moderate-term on-the-job training,4,0,0,0,0,5.254999999999996
"Family and consumer sciences teachers, postsecondary    * Family Resource Management Professor* Family and Consumer Sciences Professor* Home Economics Professor* Home and Family Living Professor","=""25-1192""",3.2,3.3,0.1,3.4,0.2,77280.0,Doctoral or professional degree,1,,4,,6,0,0,0,0,3.342000000000004
Family medicine physicians    * Board Certified Family Physician* Family Physician* Family Practice Medical Doctor* Family Practice Physician* Family Practitioner* GP Doctor* General Practitioner,"=""29-1215""",116.0,119.1,3.1,2.7,3.3,238380.0,Doctoral or professional degree,1,,4,Internship/residency,1,0,0,0,0,120.51200000000011
Farm and home management educators    * 4-H Youth Development Specialist* Agricultural Agent* Agricultural Extension Educator* Extension Service Advisor* Family Resource Management Specialist* Family and Consumer Sciences Extension Agent* Farm Business Management Agent* Farm Management Specialist* Feed Management Advisor* Home Economics Expert,"=""25-9021""",12.4,12.1,-0.3,-2.5,1.1,58120.0,Master's degree,2,,4,,6,0,0,0,0,12.328999999999999
Farm equipment mechanics and service technicians    * Agricultural Equipment Mechanic* Combine Mechanic* Dairy Equipment Mechanic* Dairy Equipment Repairer* Harvester Mechanic* Irrigation Equipment Mechanic* Milking Machine Mechanic* Tractor Mechanic,"=""49-3041""",39.0,43.3,4.3,11.0,3.7,52080.0,High school diploma or equivalent,7,,4,Long-term on-the-job training,3,0,0,0,0,40.87200000000005
Farm labor contractors    * Farm Labor Contractor* Harvesting Contractor,"=""13-1074""",3.9,4.2,0.2,6.0,0.3,48690.0,No formal educational credential,8,Less than 5 years,2,Short-term on-the-job training,5,0,0,0,0,4.129999999999995
"Farmers, ranchers, and other agricultural managers    * Agricultural Crop Farm Manager* Animal Husbandry Manager* Aquaculture Farm Manager* Beef Farm Operator* Christmas Tree Farm Manager* Dairy Farm Manager* Fish Hatchery Manager* Greenhouse Manager* Hatchery Manager* Orchard Manager","=""11-9013""",836.1,825.0,-11.1,-1.3,85.5,87980.0,High school diploma or equivalent,7,5 years or more,1,,6,0,0,0,0,846.4259999999999
"Farmworkers and laborers, crop, nursery, and greenhouse    * Cane Cutter* Carrot Harvester* Citrus Picker* Corn Picker* Cotton Picker* Crop Picker* Flower Picker* Greenhouse Transplanter* Harvest Worker* Harvester* Orchard Hand* Orchard Worker* Pecan Gatherer* Pepper Picker* Vineyard Tender","=""45-2092""",504.8,488.1,-16.8,-3.3,71.7,35690.0,No formal educational credential,8,,4,Short-term on-the-job training,5,0,0,0,0,507.9029999999998
"Farmworkers, farm, ranch, and aquacultural animals    * Aquaculture Worker* Barn Hand* Barn Worker* Cattle Brander* Cattle Driver* Chicken Handler* Chicken Vaccinator* Cow Tender* Egg Gatherer* Farrowing Worker* Goat Herder* Groom* Hatchery Worker* Livestock Handler* Poultry Debeaker* Ranch Hand* Sheep Shearer* Shrimp Pond Laborer","=""45-2093""",224.6,213.4,-11.1,-5.0,31.2,36150.0,No formal educational credential,8,,4,Short-term on-the-job training,5,0,0,0,0,216.75499999999997
Fashion designers    * Apparel Designer* Clothes Designer* Clothing Designer* Costume Designer* Custom Furrier* Dance Costume Designer* Dress Designer* Hat Designer* Sweater Designer* Uniform Designer,"=""27-1022""",25.7,26.2,0.5,2.0,2.3,80690.0,Bachelor's degree,3,,4,,6,0,0,0,0,26.241000000000003
Fast food and counter workers    * Barista* Cafe Server* Cafeteria Server* Concession Stand Attendant* Food Counter Worker* Hot Dog Vender* Ice Cream Server* Mess Attendant* Snack Bar Attendant,"=""35-3023""",3796.0,4029.2,233.2,6.1,904.3,30480.0,No formal educational credential,8,,4,Short-term on-the-job training,5,0,0,0,0,3943.728000000004
Fence erectors    * Chain Link Fence Installer* Fence Builder* Wire Fence Builder* Wood Fence Installer,"=""47-4031""",26.4,27.6,1.2,4.6,2.3,46940.0,No formal educational credential,8,,4,Moderate-term on-the-job training,4,0,0,0,0,27.48599999999997
Fiberglass laminators and fabricators    * Fiberglass Boat Builder* Fiberglass Fabricator* Fiberglass Grinder* Fiberglass Laminator* Fiberglass Luggage Molder* Fiberglass Machine Operator* Fiberglass Roller* Fiberglass Ski Maker* Fiberglasser,"=""51-2051""",18.6,19.4,0.8,4.2,2.1,45760.0,High school diploma or equivalent,7,,4,Moderate-term on-the-job training,4,0,0,0,0,19.03700000000003
File clerks    * Cut File Clerk* Document Clerk* File Keeper* Index Clerk* Records Clerk,"=""43-4071""",84.3,70.9,-13.4,-15.9,7.3,41270.0,High school diploma or equivalent,7,,4,Short-term on-the-job training,5,0,0,0,0,78.88200000000005
Film and video editors    * Cue Selector* Electronic News Gathering Editor* Film Editor* Movie Editor* News Video Editor* News Videotape Editor* Tape Editor* Television News Video Editor* Video Tape Transferrer,"=""27-4032""",43.5,45.2,1.7,4.0,3.6,70980.0,Bachelor's degree,3,,4,,6,0,0,0,0,45.169999999999966
Financial and investment analysts    * Corporate Financial Analyst* Corporate Securities Research Analyst* Corporate Statistical Financial Analyst* Institutional Commodity Analyst* Organizational Investment Analyst,"=""13-2051""",368.5,389.6,21.1,5.7,25.1,101350.0,Bachelor's degree,3,,4,,6,0,0,0,0,386.18399999999957
"Financial clerks, all other    * Bank Vault Attendant* Bank Vault Clerk* Bank Vault Custodian* Financial Operations Clerk* Financial Reserve Clerk* Safe Deposit Clerk* Safety Deposit Clerk* Vault Teller","=""43-3099""",38.9,39.4,0.5,1.4,4.0,52150.0,High school diploma or equivalent,7,,4,Short-term on-the-job training,5,0,0,0,0,38.27300000000005
Financial examiners    * Bank Compliance Officer* Bank Examiner* Financial Compliance Examiner* Home Mortgage Disclosure Act Specialist* Payroll Examiner* Pension Examiner,"=""13-2061""",65.1,77.2,12.1,18.5,5.7,90400.0,Bachelor's degree,3,,4,Long-term on-the-job training,3,0,0,0,0,72.23000000000002
Financial managers    * Bank Branch Manager* Banking Center Manager* Banking Manager* City Comptroller* City Treasurer* Comptroller* Credit Manager* Financial Director* Financial Officer* Fiscal Manager* International Bank Manager* Residential Mortgage Manager,"=""11-3031""",868.6,997.4,128.8,14.8,74.6,161700.0,Bachelor's degree,3,5 years or more,1,,6,0,0,0,0,948.4479999999992
Financial risk specialists    * Financial Risk Analyst,"=""13-2054""",60.5,64.4,3.9,6.5,4.8,106000.0,Bachelor's degree,3,,4,,6,0,0,0,0,63.239999999999945
"Financial specialists, all other    * Bail Bondsman* Bondsman* Executor of Estate","=""13-2099""",137.1,141.4,4.3,3.1,10.3,80190.0,Bachelor's degree,3,,4,,6,0,0,0,0,141.5479999999999
"Fine artists, including painters, sculptors, and illustrators    * Book Illustrator* Caricature Artist* Comic Artist* Comic Book Artist* Comic Illustrator* Commercial Artist* Concrete Sculptor* Editorial Cartoonist* Fashion Illustrator* Free Lance Artist* Fresco Artist* Glass Artist* Ice Sculptor* Medical Illustrator* Mural Painter* Muralist* Non-Representational Metal Sculptor* Oil Painter* Pattern Illustrator* Political Cartoonist* Portrait Artist* Portrait Painter* Scientific Illustrator* Sketch Artist* Sports Cartoonist* Stained Glass Artist* Water Colorist* Watercolor Artist","=""27-1013""",26.5,26.2,-0.3,-1.2,2.2,60560.0,Bachelor's degree,3,,4,Long-term on-the-job training,3,0,0,0,0,26.201999999999998
Fire inspectors and investigators    * Arson Investigator* CFEI* Certified Fire Investigator* Certified Fire and Explosion Investigator* Certified Vehicle Fire Investigator* Fire Hazard Inspector* Fire Investigator* Fire Prevention Inspector* Fire Safety Inspector,"=""33-2021""",14.7,15.2,0.6,3.8,1.5,78060.0,Postsecondary nondegree award,5,5 years or more,1,Moderate-term on-the-job training,4,0,0,0,0,15.159000000000017
Firefighters    * Fire Engine Pump Operator* Fire Equipment Operator* Fire Fighter* Forest Firefighter* Marine Firefighter* Municipal Firefighter* Smoke Jumper* Wildland Firefighter,"=""33-2011""",344.9,356.7,11.8,3.4,27.1,59530.0,Postsecondary nondegree award,5,,4,Long-term on-the-job training,3,0,0,0,0,357.4980000000003
First-line supervisors of construction trades and extraction workers    * Carpenter Supervisor* Drilling Foreman* Electrician Supervisor* Excavating Supervisor* Foreman* Foreperson* Forewoman* Quarry Boss* Rig Supervisor* Roustabout Crew Leader* Segmental Paving Supervisor* Solar Panel Installation Supervisor* Tool Pushers,"=""47-1011""",921.6,970.6,49.0,5.3,74.4,78690.0,High school diploma or equivalent,7,5 years or more,1,,6,0,0,0,0,943.0790000000002
First-line supervisors of correctional officers    * Chief Jailer* Correctional Officer Sergeant* Correctional Supervisor* Corrections Sergeant* Prison Guard Supervisor,"=""33-1011""",57.1,55.5,-1.6,-2.8,4.3,76310.0,High school diploma or equivalent,7,Less than 5 years,2,,6,0,0,0,0,56.455999999999996
"First-line supervisors of entertainment and recreation workers, except gambling services    * Arcade Supervisor* Caddy Master* Recreation Attendant Supervisor","=""39-1014""",123.3,131.1,7.8,6.3,13.4,46900.0,High school diploma or equivalent,7,Less than 5 years,2,,6,0,0,0,0,130.55600000000013
"First-line supervisors of farming, fishing, and forestry workers    * Animal Caretaker Supervisor* Aquacultural Worker Supervisor* Corn Crop Supervisor* Corral Boss* Cranberry Bog Supervisor* Farm Supervisor* Farrowing Manager* Feed Manager* Fish Hatchery Supervisor* Harvest Crew Supervisor* Harvest Manager* Logging Crew Supervisor* Picking Crew Supervisor* Planting Supervisor* Ranch Hand Supervisor","=""45-1011""",65.4,67.0,1.6,2.5,8.5,59330.0,High school diploma or equivalent,7,Less than 5 years,2,,6,0,0,0,0,67.65299999999996
First-line supervisors of firefighting and prevention workers    * Fire Lieutenant* Municipal Fire Fighting and Prevention Supervisor* Supervising Fire Marshal,"=""33-1021""",97.2,100.5,3.4,3.4,6.5,92430.0,Postsecondary nondegree award,5,Less than 5 years,2,Moderate-term on-the-job training,4,0,0,0,0,97.67499999999991
First-line supervisors of food preparation and serving workers    * Banquet Supervisor* Bar Manager* Cafeteria Manager* Dairy Bar Manager* Food Service Supervisor* Head Waiter* Head Waitress* Kitchen Supervisor,"=""35-1012""",1215.0,1288.0,73.0,6.0,183.9,42010.0,High school diploma or equivalent,7,Less than 5 years,2,,6,0,0,0,0,1269.203
First-line supervisors of gambling services workers    * Blackjack Pit Boss* Blackjack Supervisor* Cardroom Manager* Cardroom Supervisor* Casino Slot Supervisor* Casino Supervisor* Electronic Gambling Device Supervisor* Executive Casino Host* Gambling Supervisor* Pit Boss* Poker Room Supervisor* Slot Floor Supervisor* Slot Host* Slot Key Person* Slot Shift Manager* Table Games Supervisor,"=""39-1013""",32.5,33.1,0.6,2.0,3.3,61590.0,High school diploma or equivalent,7,Less than 5 years,2,,6,0,0,0,0,33.234999999999985
First-line supervisors of housekeeping and janitorial workers    * Building Cleaning Supervisor* Cleaning Staff Supervisor* Custodial Supervisor* Head Custodian* Head School Custodian* Janitor Supervisor* Maid Supervisor* Maintenance and Custodian Supervisor,"=""37-1011""",269.8,276.4,6.7,2.5,33.0,47520.0,High school diploma or equivalent,7,Less than 5 years,2,,6,0,0,0,0,286.2779999999997
"First-line supervisors of landscaping, lawn service, and groundskeeping workers    * Gardening Supervisor* Greenskeeper Supervisor* Grounds Crew Supervisor* Grounds Foreman* Grounds Maintenance Supervisor* Head Greenskeeper* Horticultural Services Supervisor* Landscape Installation Foreman* Turf and Grounds Supervisor","=""37-1012""",224.7,230.0,5.2,2.3,23.2,56170.0,High school diploma or equivalent,7,Less than 5 years,2,,6,0,0,0,0,228.02999999999992
"First-line supervisors of mechanics, installers, and repairers    * Automobile Body Repair Supervisor* Body Shop Supervisor* Electronic Maintenance Supervisor* Fleet Maintenance Supervisor* Heating, Ventilation, and Air Conditioning Supervisor* Oil Field Equipment Mechanic Supervisor* Railroad Car Repair Supervisor* Repair Department Supervisor","=""49-1011""",617.5,636.5,19.1,3.1,52.4,78300.0,High school diploma or equivalent,7,Less than 5 years,2,,6,0,0,0,0,646.118
First-line supervisors of non-retail sales workers    * Blood Donor Recruiter Supervisor* Insurance Sales Supervisor* Radio Time Sales Supervisor* Real Estate Sales Supervisor* Stock Broker Supervisor* Telemarketer Supervisor* Telemarketing Manager* Telesales Supervisor,"=""41-1012""",320.0,320.0,0.0,0.0,24.8,84130.0,High school diploma or equivalent,7,Less than 5 years,2,,6,0,0,0,0,320.14399999999995
First-line supervisors of office and administrative support workers    * Accounts Payable Supervisor* Billing Department Supervisor* Billing Supervisor* Clerical Supervisor* Data Entry Supervisor* Medical Billing Supervisor* Office Services Supervisor* Payroll Supervisor* Records Supervisor* Teller Supervisor* Timekeeping Supervisor,"=""43-1011""",1558.4,1554.4,-3.9,-0.3,144.5,66140.0,High school diploma or equivalent,7,Less than 5 years,2,,6,0,0,0,0,1543.9979999999985
First-line supervisors of personal service workers    * Animal Trainer Supervisor* Child Care Worker Supervisor* Hair Salon Supervisor* Head Butler,"=""39-1022""",149.1,159.1,10.0,6.7,16.3,47080.0,High school diploma or equivalent,7,Less than 5 years,2,,6,0,0,0,0,159.0040000000001
First-line supervisors of police and detectives    * Commanding Officer Homicide Squad* Detective Lieutenant* Detective Supervisor* Police Lieutenant* Traffic Lieutenant* Traffic Sergeant,"=""33-1012""",160.8,165.4,4.6,2.9,10.9,105980.0,High school diploma or equivalent,7,Less than 5 years,2,Moderate-term on-the-job training,4,0,0,0,0,164.91699999999994
First-line supervisors of production and operating workers    * Assembly Line Supervisor* Assembly Supervisor* Die Cast Supervisor* Machine Assembler Supervisor* Machinist Supervisor* Molding Supervisor* Paper Machine Supervisor* Printing Supervisor* Printing Worker Supervisor* Tool Room Supervisor,"=""51-1011""",698.6,706.9,8.3,1.2,67.7,71190.0,High school diploma or equivalent,7,Less than 5 years,2,,6,0,0,0,0,711.3090000000002
"First-line supervisors of protective service workers, all other    * Animal Control Supervisor* Animal Cruelty Investigation Supervisor","=""33-1099""",21.5,21.8,0.3,1.6,2.1,74960.0,High school diploma or equivalent,7,Less than 5 years,2,,6,0,0,0,0,21.737999999999985
First-line supervisors of retail sales workers    * Assistant Store Manager* Cashier Manager* Cashier Supervisor* Delicatessen Department Manager* Produce Department Supervisor* Sales Clerk Supervisor* Used Car Sales Supervisor,"=""41-1011""",1432.6,1360.3,-72.3,-5.0,125.1,47320.0,High school diploma or equivalent,7,Less than 5 years,2,,6,0,0,0,0,1405.8380000000004
First-line supervisors of security workers    * Loss Prevention Supervisor* Security Guard Supervisor* TSA Screener Supervisor* Transportation Security Administration (TSA) Screener Supervisor,"=""33-1091""",71.9,73.8,1.9,2.7,7.0,58610.0,High school diploma or equivalent,7,Less than 5 years,2,,6,0,0,0,0,73.97800000000004
"First-line supervisors of transportation and material moving workers, except aircraft cargo handling supervisors","=""53-1047""",609.6,632.2,22.5,3.7,61.3,61890.0,High school diploma or equivalent,7,Less than 5 years,2,,6,0,0,0,0,646.9589999999996
Fish and game wardens    * Conservation Enforcement Officer* Fish Warden* Fish and Wildlife Warden* Game Warden* Wildlife Control Agent* Wildlife Officer* Wildlife and Game Protector,"=""33-3031""",7.0,6.6,-0.4,-6.0,0.5,68180.0,Bachelor's degree,3,,4,Moderate-term on-the-job training,4,0,0,0,0,6.674000000000003
Flight attendants    * Airline Flight Attendant* Airplane Flight Attendant* Flight Steward,"=""53-2031""",130.8,142.9,12.1,9.2,19.8,67130.0,High school diploma or equivalent,7,Less than 5 years,2,Moderate-term on-the-job training,4,0,0,0,0,140.8379999999999
"Floor layers, except carpet, wood, and hard tiles    * Composition Floor Layer* Cork Floor Installer* Laminate Floor Installer* Linoleum Installer* Resilient Tile Installer* Shock-Absorption Floor Layer* Vinyl Flooring Installer* Vinyl Installer","=""47-2042""",33.7,36.9,3.2,9.5,2.7,54340.0,No formal educational credential,8,,4,Moderate-term on-the-job training,4,0,0,0,0,36.70600000000004
Floor sanders and finishers    * Floor Finisher* Floor Refinisher* Floor Sander* Floor Sanding Machine Operator* Floor Scraper* Hardwood Finisher,"=""47-2043""",5.6,5.8,0.1,2.6,0.4,49150.0,No formal educational credential,8,,4,Moderate-term on-the-job training,4,0,0,0,0,5.612000000000002
Floral designers    * Corsage Maker* Floral Arranger* Floral Artist* Floral Decorator* Florist* Florist Designer* Flower Arranger,"=""27-1023""",43.8,41.2,-2.6,-5.9,5.1,36120.0,High school diploma or equivalent,7,,4,Moderate-term on-the-job training,4,0,0,0,0,41.781999999999954
"Food and tobacco roasting, baking, and drying machine operators and tenders    * Bean Roaster* Coffee Roaster* Fish Smoker* Food Dehydrator Operator* Grain Roaster* Malt House Kiln Operator* Meat Curer* Meat Smoker* Sausage Smoker* Smokehouse Worker* Tobacco Drier Operator","=""51-3091""",20.7,20.8,0.1,0.6,2.4,42730.0,No formal educational credential,8,,4,Moderate-term on-the-job training,4,0,0,0,0,20.807999999999982
Food batchmakers    * Almond Paste Mixer* Candy Maker* Candy Puller* Cheese Processor* Cottage Cheese Maker* Dough Scaler and Mixer* Frozen Yogurt Maker* Honey Blender* Ice Cream Maker* Liquid Sugar Fortifier* Peanut Butter Maker* Pickle Maker* Relish Maker* Taffy Puller,"=""51-3092""",173.5,185.4,11.9,6.9,24.2,40790.0,High school diploma or equivalent,7,,4,Moderate-term on-the-job training,4,0,0,0,0,183.18899999999996
Food cooking machine operators and tenders    * Doughnut Machine Operator* Dumpling Machine Operator* Fish Fryer* Food Cooking Machine Operator* Kettle Fry Cook Operator* Pierogi Maker* Potato Chip Frier* Tripe Cooker,"=""51-3093""",29.7,29.9,0.2,0.6,4.4,40550.0,High school diploma or equivalent,7,,4,Moderate-term on-the-job training,4,0,0,0,0,30.366000000000014
"Food preparation and serving related workers, all other    * Kitchen Steward","=""35-9099""",90.5,96.3,5.8,6.4,14.6,34830.0,No formal educational credential,8,,4,Short-term on-the-job training,5,0,0,0,0,96.80599999999991
Food preparation workers    * Deli Clerk* Deli Slicer* Food Preparer* Fruit and Vegetable Parer* Salad Maker* Sandwich Maker,"=""35-2021""",902.7,871.8,-30.9,-3.4,148.0,34220.0,No formal educational credential,8,,4,Short-term on-the-job training,5,0,0,0,0,919.2670000000012
"Food processing workers, all other    * Olive Pitter* Pasta Press Operator* Poultry Hanger* Yeast Maker","=""51-3099""",58.7,61.8,3.1,5.3,6.5,38420.0,No formal educational credential,8,,4,Moderate-term on-the-job training,4,0,0,0,0,61.42900000000008
Food science technicians    * Flavor Technician* Food Quality Control Technician* Food Quality Technician,"=""19-4013""",20.4,21.3,1.0,4.8,3.2,49430.0,Associate's degree,4,,4,Moderate-term on-the-job training,4,0,0,0,0,20.893999999999995
Food scientists and technologists    * Dairy Bacteriologist* Enologist* Food Preservation Scientist* Food Processing Scientist* Food Safety Scientist* Food Scientist* Food Technologist,"=""19-1012""",15.2,16.2,1.0,6.5,1.2,85310.0,Bachelor's degree,3,,4,,6,0,0,0,0,16.118000000000023
"Food servers, nonrestaurant    * Boat Hop* Hospital Food Service Worker* Room Service Food Server","=""35-3041""",277.2,285.3,8.2,3.0,48.0,34460.0,No formal educational credential,8,,4,Short-term on-the-job training,5,0,0,0,0,284.54799999999955
Food service managers    * Banquet Director* Banquet Manager* Cafeteria Director* Food Service Director* Food and Beverage Manager* Restaurant General Manager* Tavern Operator,"=""11-9051""",352.8,375.3,22.6,6.4,42.0,65310.0,High school diploma or equivalent,7,Less than 5 years,2,Short-term on-the-job training,5,0,0,0,0,378.633
"Foreign language and literature teachers, postsecondary    * Arabic Professor* Biblical Languages Professor* Chinese Language Professor* French Professor* German Professor* Greek Professor* Hebrew Professor* Japanese Professor* Russian Language Professor* Spanish Literature Professor","=""25-1124""",26.4,26.4,0.0,-0.2,1.9,77010.0,Doctoral or professional degree,1,,4,,6,0,0,0,0,26.540000000000028
Forensic science technicians    * Ballistic Technician* Ballistician* Ballistics Expert* Crime Lab Technician* Crime Scene Technician* Criminalist Technician* Fingerprint Expert* Forensic Analyst* Handwriting Expert* Trace Evidence Technician* Wildlife Forensic Geneticist,"=""19-4092""",20.7,23.3,2.6,12.8,2.9,67440.0,Bachelor's degree,3,,4,Moderate-term on-the-job training,4,0,0,0,0,22.35499999999999
Forest and conservation technicians    * Forest Technician* Forestry Aide* Forestry Technician* Natural Resources Technician* Soil Conservation Technician* Timber Management Technician,"=""19-4071""",33.8,32.7,-1.1,-3.2,3.9,54310.0,Associate's degree,4,,4,,6,0,0,0,0,34.26099999999999
Forest and conservation workers    * Forest Nursery Worker* Forester Aide* Forestry Laborer* Pine Straw Gatherer* Rangelands Conservation Laborer* Reforestation Worker* Seedling Puller* Wetlands Conservation Laborer,"=""45-4011""",10.8,10.3,-0.5,-4.7,2.0,43680.0,High school diploma or equivalent,7,,4,Moderate-term on-the-job training,4,0,0,0,0,11.075999999999995
Forest fire inspectors and prevention specialists    * Environmental Protection Fire Control Officer* Fire Operations Forester* Fire Ranger* Forest Fire Control Officer* Forest Fire Officer* Wildfire Prevention Specialist* Wildland Fire Operations Specialist,"=""33-2022""",2.9,3.3,0.4,14.6,0.3,52380.0,High school diploma or equivalent,7,Less than 5 years,2,Moderate-term on-the-job training,4,0,0,0,0,3.3090000000000015
Foresters    * Environmental Protection Forester* Forest Ecologist* Forestry Scientist* Land Management Forester* Operations Forester* Resource Forester* Service Forester* Timber Management Specialist* Urban Forester,"=""19-1032""",13.8,14.0,0.2,1.2,1.1,70660.0,Bachelor's degree,3,,4,,6,0,0,0,0,14.136999999999995
"Forestry and conservation science teachers, postsecondary    * Ecology Professor* Environmental Conservation Professor* Forest Biometrics Professor* Forest Ecology Professor* Forest Management Professor* Forest Pathology Professor* Forest Resources Professor* Forest Technology Professor* Silviculture Professor* Timber Management Professor* Wildlife Conservation Professor","=""25-1043""",1.6,1.7,0.1,4.0,0.1,100830.0,Doctoral or professional degree,1,,4,,6,0,0,0,0,1.645999999999999
"Forging machine setters, operators, and tenders, metal and plastic    * Cold Header Operator* Forging Roll Operator* Header Setup Operator* Spike Machine Operator* Swager Operator* Swaging Machine Operator","=""51-4022""",8.8,7.2,-1.7,-18.9,0.6,49240.0,High school diploma or equivalent,7,,4,Moderate-term on-the-job training,4,0,0,0,0,7.6790000000000065
Foundry mold and coremakers    * Airset Caster* Airset Molder* Core Stripper* Foundry Molder* Green Sand Molder* No Bake Molder* Sand Molder* Wax Pattern Coater,"=""51-4071""",12.7,9.4,-3.3,-25.9,0.9,45700.0,High school diploma or equivalent,7,,4,Moderate-term on-the-job training,4,0,0,0,0,10.36299999999999
Fundraisers    * Campaign Fundraiser* Donor Relations Officer* Fundraising Officer,"=""13-1131""",134.4,140.2,5.8,4.3,10.2,66490.0,Bachelor's degree,3,,4,,6,0,0,0,0,141.16999999999993
Fundraising managers    * Donor Relations Manager* Foundation Director* Funding Coordinator* Fundraising Director,"=""11-2033""",45.7,47.6,1.9,4.2,3.6,123480.0,Bachelor's degree,3,5 years or more,1,,6,0,0,0,0,47.555999999999955
Funeral attendants    * Funeral Assistant* Funeral Greeter* Funeral Home Assistant* Funeral Home Associate* Mortician Helper* Pallbearer* Undertaker Helper,"=""39-4021""",32.5,33.5,1.0,3.1,5.7,34610.0,High school diploma or equivalent,7,,4,Short-term on-the-job training,5,0,0,0,0,33.27700000000001
Funeral home managers    * Funeral Home Director* Funeral Home Manager* Funeral Service Manager,"=""11-9171""",32.1,33.4,1.3,4.1,2.6,76830.0,Associate's degree,4,Less than 5 years,2,,6,0,0,0,0,33.509000000000036
"Furnace, kiln, oven, drier, and kettle operators and tenders    * Calciner Operator* Dry Kiln Operator* Induction Furnace Operator* Lime Kiln Operator* Lumber Kiln Operator* Rubber Curer* Soap Drier Tender* Tunnel Kiln Operator","=""51-9051""",16.5,17.0,0.5,3.0,1.9,47010.0,High school diploma or equivalent,7,,4,Moderate-term on-the-job training,4,0,0,0,0,16.830999999999992
Furniture finishers    * Cabinet Finisher* Furniture Refinisher* Furniture Sander* Piano Refinisher* Wood Cabinet Finisher,"=""51-7021""",20.5,19.8,-0.7,-3.3,2.0,42530.0,High school diploma or equivalent,7,,4,Short-term on-the-job training,5,0,0,0,0,19.82399999999997
Gambling and sports book writers and runners    * Betting Clerk* Bingo Worker* Bookie* Casino Floor Runner* Keno Runner* Keno Writer* Race Book Writer* Race and Sports Book Writer* Sports Book Board Attendant* Sportsbook Ticket Writer,"=""39-3012""",8.2,7.7,-0.5,-6.1,1.2,30460.0,High school diploma or equivalent,7,,4,Short-term on-the-job training,5,0,0,0,0,7.94200000000001
Gambling cage workers    * Cage Cashier* Casino Cage Cashier* Casino Cashier* Gambling Cage Cashier* Gambling Cashier,"=""43-3041""",14.1,13.4,-0.7,-5.0,1.3,36990.0,High school diploma or equivalent,7,,4,Short-term on-the-job training,5,0,0,0,0,13.758999999999988
Gambling change persons and booth cashiers    * Mutuel Teller* Slot Attendant,"=""41-2012""",22.6,21.1,-1.5,-6.4,4.0,34810.0,No formal educational credential,8,,4,Short-term on-the-job training,5,0,0,0,0,21.026999999999976
Gambling dealers    * 21 Dealer* Blackjack Dealer* Casino Dealer* Casino Games Dealer* Craps Dealer* Keno Dealer* Poker Dealer* Roulette Dealer* Table Games Dealer,"=""39-3011""",88.7,88.1,-0.6,-0.6,14.1,33280.0,High school diploma or equivalent,7,,4,Short-term on-the-job training,5,0,0,0,0,86.99500000000006
Gambling managers    * Bingo Manager* Casino Manager* Gambling Department Head* Gambling Director* Gambling Manager* Slot Operations Director* Slots Manager* Table Games Manager,"=""11-9071""",5.1,5.2,0.1,1.2,0.6,85580.0,High school diploma or equivalent,7,Less than 5 years,2,,6,0,0,0,0,5.229999999999998
"Gambling service workers, all other    * Card Table Attendant* Pit Clerk* Poker Prop Player* Proposition Player* Shill","=""39-3019""",16.1,16.0,-0.1,-0.6,2.6,34530.0,High school diploma or equivalent,7,,4,Short-term on-the-job training,5,0,0,0,0,16.112999999999996
Gambling surveillance officers and gambling investigators    * Casino Investigator* Casino Surveillance Officer* Gambling Monitor* Gambling Surveillance Observer* Gambling Surveillance Officer,"=""33-9031""",10.3,10.3,0.0,0.3,1.3,43900.0,High school diploma or equivalent,7,Less than 5 years,2,Moderate-term on-the-job training,4,0,0,0,0,10.445999999999984
Gas compressor and gas pumping station operators    * Acetylene Gas Compressor* Butane Compressor Operator* Compressor Station Operator* Gas Compressor Operator* Gas Cylinder Processor* Gas Storage Operator* High Pressure Compressed Gas Filler* LNG Plant Operator* Liquid Natural Gas Plant Operator,"=""53-7071""",5.4,5.3,-0.1,-1.3,0.6,71510.0,High school diploma or equivalent,7,,4,Moderate-term on-the-job training,4,0,0,0,0,5.310000000000001
Gas plant operators    * Gas Controller* Gas Plant Dispatcher* Gas Plant Technician* Natural Gas Plant Technician,"=""51-8092""",16.2,14.8,-1.4,-8.8,1.3,83400.0,High school diploma or equivalent,7,,4,Long-term on-the-job training,3,0,0,0,0,15.020999999999985
General and operations managers    * Department Store General Manager* Department Store Manager* General Manager* General Superintendent* Manufacturing Operations Manager* Operational Risk Manager* Operations Manager* Radio Station Manager* Television Store Manager,"=""11-1021""",3712.9,3876.8,164.0,4.4,308.7,102950.0,Bachelor's degree,3,5 years or more,1,,6,0,0,0,0,3584.0989999999974
General internal medicine physicians    * General Internal Medicine Doctor* General Internist* Internal Medicine Physician* Internist,"=""29-1216""",73.2,75.6,2.4,3.3,2.1,236350.0,Doctoral or professional degree,1,,4,Internship/residency,1,0,0,0,0,75.465
Genetic counselors    * Certified Genetic Counselor* Chromosomal Disorders Counselor* Mitochondrial Disorders Counselor* Prenatal Genetic Counselor,"=""29-9092""",4.0,4.3,0.4,9.3,0.3,98910.0,Master's degree,2,,4,,6,0,0,0,0,4.189999999999994
Geographers    * Biogeographer* Economic Geographer* GIS Geographer* Geomorphologist* Glaciologist* Physical Geographer* Political Geographer,"=""19-3092""",1.5,1.5,0.0,-3.1,0.1,97200.0,Bachelor's degree,3,,4,,6,0,0,0,0,1.568
"Geography teachers, postsecondary    * Cartography Professor* GIS Professor* Geographic Information Systems Professor* Geomatics Professor","=""25-1064""",4.0,4.2,0.1,3.3,0.3,86730.0,Doctoral or professional degree,1,,4,,6,0,0,0,0,4.071999999999995
"Geological technicians, except hydrologic technicians    * Crude Tester* Geological Sample Tester* Geophysical Prospector* Magnetometer Operator* Mineral Technologist* Mining Technician* Mud Logger* Petroleum Technician* Seismic Interpreter* Seismic Observer* Seismograph Operator","=""19-4043""",9.8,10.0,0.1,1.5,1.3,48390.0,Associate's degree,4,,4,Moderate-term on-the-job training,4,0,0,0,0,9.602999999999994
"Geoscientists, except hydrologists and geographers    * Crystallographer* Development Geologist* Environmental Geologist* Exploration Geologist* Geochemist* Geodesist* Geologist* Geomagnetist* Geophysicist* Geoscientist* Mine Geologist* Mineralogist* Mining Production Geologist* Oceanographer* Oceanologist* Paleontologist* Petroleum Geologist* Petrologist* Research Geologist* Sedimentationist* Seismologist* Stratigrapher* Volcanologist","=""19-2042""",25.1,26.0,0.8,3.2,2.0,99240.0,Bachelor's degree,3,,4,,6,0,0,0,0,26.077999999999996
Glaziers    * Leaded Glass Installer* Plate Glass Installer* Stained Glass Glazier* Stained Glass Installer* Stained Glass Joiner* Window Glazier,"=""47-2121""",60.5,62.5,2.0,3.3,5.1,55440.0,High school diploma or equivalent,7,,4,Apprenticeship,2,0,0,0,0,61.60199999999998
"Graders and sorters, agricultural products    * Apple Sorter* Cherry Sorter* Cotton Grader* Egg Grader* Fruit Sorter* Meat Grader* Oyster Sorter* Peanut Grader* Potato Sorter* Seed Sorter* Strawberry Sorter* Vegetable Sorter* Wool Grader","=""45-2041""",38.9,36.8,-2.1,-5.4,5.1,35430.0,No formal educational credential,8,,4,Short-term on-the-job training,5,0,0,0,0,36.47400000000002
Graphic designers    * Graphic Artist* Visual Designer,"=""27-1024""",265.9,271.5,5.7,2.1,20.0,61300.0,Bachelor's degree,3,,4,,6,0,0,0,0,277.1469999999999
"Grinding and polishing workers, hand    * Hand Buffer* Hand Sander* Jewelry Grinder* Jewelry Polisher* Knife Grinder* Ring Polisher","=""51-9022""",11.8,9.3,-2.5,-21.2,0.8,41690.0,No formal educational credential,8,,4,Moderate-term on-the-job training,4,0,0,0,0,10.398999999999987
"Grinding, lapping, polishing, and buffing machine tool setters, operators, and tenders, metal and plastic    * Aluminum Polisher* Deburring Machine Operator* Jewel Bearing Facer* Metal Grinder* Tool Polishing Machine Operator","=""51-4033""",70.1,61.7,-8.4,-12.0,5.5,45190.0,High school diploma or equivalent,7,,4,Moderate-term on-the-job training,4,0,0,0,0,67.53999999999994
"Grounds maintenance workers, all other    * Trail Construction Worker* Trail Maintenance Worker* Trailhead Construction Worker* Trailhead Maintenance Worker* Tree Trimmer Helper","=""37-3019""",14.1,14.5,0.3,2.4,1.9,43410.0,No formal educational credential,8,,4,Short-term on-the-job training,5,0,0,0,0,14.474999999999998
"Hairdressers, hairstylists, and cosmetologists    * Beautician* Cosmetologist* Funeral Home Makeup Artist* Hair Colorist* Hair Stylist* Hair and Makeup Designer* Hairdresser* Hairpiece Stylist* Wedding Makeup Artist* Wig Stylist","=""39-5012""",575.2,607.4,32.2,5.6,75.8,35250.0,Postsecondary nondegree award,5,,4,,6,0,0,0,0,577.8749999999998
Hazardous materials removal workers    * Asbestos Abatement Worker* Asbestos Remover* Decontamination Worker* Hazard Waste Handler* Hazmat Technician* Irradiated Fuel Handler* Lead Abatement Worker* Radiological Control and Safety Technician,"=""47-4041""",51.3,51.8,0.5,1.0,5.0,48490.0,High school diploma or equivalent,7,,4,Moderate-term on-the-job training,4,0,0,0,0,51.16700000000004
"Health and safety engineers, except mining safety engineers and inspectors    * Fire Prevention Engineer* Fire Protection Engineer* Industrial Safety Engineer* Product Safety Engineer* Product Safety Test Engineer* System Safety Engineer","=""17-2111""",23.8,24.9,1.1,4.4,1.5,109660.0,Bachelor's degree,3,,4,,6,0,0,0,0,24.846000000000025
Health education specialists    * Certified Diabetes Educator* Certified Health Education Specialist* Community Health Education Coordinator* Diabetes Educator* Health Educator* Public Health Educator,"=""21-1091""",71.8,75.0,3.2,4.5,7.9,63000.0,Bachelor's degree,3,,4,,6,0,0,0,0,74.42200000000001
Health information technologists and medical registrars    * Cancer Registrar* Clinical Informatics Analyst* Health Informatics Specialist* Health Information Analyst* Health Information Systems Technician,"=""29-9021""",41.9,48.1,6.2,14.7,3.2,67310.0,Associate's degree,4,,4,,6,0,0,0,0,46.96100000000002
"Health specialties teachers, postsecondary    * Clinical Laboratory Science Professor* Clinical Sciences Professor* Dentistry Professor* Gastroenterology Professor* Neurology Professor* Nutrition Professor* Occupational Therapy Professor* Optometry Professor* Pharmacology Professor* Physical Therapy Professor* Podiatric Medicine Professor* Podiatry Professor* Public Health Professor","=""25-1071""",289.6,339.7,50.1,17.3,27.4,105620.0,Doctoral or professional degree,1,Less than 5 years,2,,6,0,0,0,0,303.6089999999998
"Health technologists and technicians, all other    * CRTT* Certified Respiratory Therapy Technician* Dialysis Technician* Electroencephalogram (EEG) Technologist* Electroneurodiagnostic Technologist* Encephalographer* Oxygen Therapy Technician* Perfusionist* Polysomnograph Tech* Respiratory Therapy Technician","=""29-2099""",178.8,188.1,9.3,5.2,13.6,48790.0,Postsecondary nondegree award,5,,4,,6,0,0,0,0,188.12000000000003
"Healthcare diagnosing or treating practitioners, all other    * Homeopathic Doctor* Hypnotherapist* Naturopath* Naturopathic Doctor* Naturopathic Physician","=""29-1299""",41.3,42.2,0.8,2.0,2.4,113730.0,Master's degree,2,,4,,6,0,0,0,0,42.27399999999996
"Healthcare practitioners and technical workers, all other    * Podiatric Technician* Traditional Chinese Herbalist","=""29-9099""",41.7,43.1,1.5,3.6,2.6,64030.0,Postsecondary nondegree award,5,,4,,6,0,0,0,0,43.28599999999997
Healthcare social workers    * AIDS Social Worker* C-SWHC* Certified Social Workers In Health Care* Hospice Home Care Social Worker* Hospice Social Worker* Hospital Social Worker* Medical Social Worker* Neonatal Social Worker* Nephrology Social Worker* Oncology Social Worker* Pediatric Social Worker* Public Health Social Worker* Renal Social Worker,"=""21-1022""",193.2,208.1,14.8,7.7,18.4,68090.0,Master's degree,2,,4,Internship/residency,1,0,0,0,0,209.12099999999992
"Healthcare support workers, all other    * Ortho/Prosthetic Aide","=""31-9099""",109.7,113.5,3.8,3.5,14.4,46050.0,High school diploma or equivalent,7,,4,,6,0,0,0,0,114.682
Hearing aid specialists    * Hearing Aid Fitter* Hearing Aid Technician* Hearing Instrument Specialist,"=""29-2092""",10.7,12.6,2.0,18.4,1.0,61560.0,High school diploma or equivalent,7,,4,Moderate-term on-the-job training,4,0,0,0,0,12.285
"Heat treating equipment setters, operators, and tenders, metal and plastic    * Annealing Furnace Operator* Carburizing Furnace Operator* Flame Hardening Machine Setter* Heat Treater Apprentice* Heat Treating Furnace Tender* Induction Machine Setter* Wire Annealer* Wire Temperer","=""51-4191""",14.8,12.9,-1.9,-12.8,1.2,47450.0,High school diploma or equivalent,7,,4,Moderate-term on-the-job training,4,0,0,0,0,13.348000000000008
"Heating, air conditioning, and refrigeration mechanics and installers    * Air Conditioning Service Technician* Bulk Cooler Installer* Evaporative Cooler Installer* Furnace Converter* Furnace Fitter* Gas Furnace Installer* Heating, Ventilation, and Air Conditioning (HVAC) Mechanic* Oil Burner Repairer* Oil Furnace Installer* Refrigeration Systems Installer* Stoker Installer","=""49-9021""",425.2,459.7,34.5,8.1,40.1,59810.0,Postsecondary nondegree award,5,,4,Long-term on-the-job training,3,0,0,0,0,451.90499999999963
Heavy and tractor-trailer truck drivers    * Auto Carrier Driver* Cement Truck Driver* Concrete Mixer Driver* Concrete Mixer Truck Driver* Dump Truck Driver* Fuel Truck Driver* Garbage Truck Driver* Line Haul Driver* Log Truck Tractor-Trailer Driver* Logging Flatbed Truck Driver* Logging Truck Driver* Over-the-Road Driver* Self-loading Flatbed Truck Driver* Semi-Truck Driver* Tanker Driver* Tow Truck Operator,"=""53-3032""",2235.1,2324.4,89.3,4.0,237.6,57440.0,Postsecondary nondegree award,5,,4,Short-term on-the-job training,5,0,0,0,0,2282.936999999999
"Helpers, construction trades, all other    * Boiler Coverer Helper* Bridge Ironworker Helper* Carpet Layer Helper* Cellulose Insulation Helper* Construction Ironworker Helper* Cork Insulator Helper* Drywall Hanger Helper* Drywall Stripper Helper* Drywall Taper Helper* HVAC Sheet Metal Installer Helper* Heat and Frost Insulator Helper* Linoleum Layer Helper* Ornamental Ironworker Helper* Pipe Insulator Helper* Plate Glass Installer Helper* Post Tensioning Ironworker Helper* Rod Buster Helper* Sheet Metal Duct Installer Helper* Sheet Rock Installation Helper* Sheet Rock Taper Helper* Stained Glass Glazier Helper* Terrazzo Finisher Helper* Terrazzo Layer Helper* Terrazzo Worker Helper* Trench Digger Helper* Wall Taper Helper* Window Glazier Helper","=""47-3019""",26.3,27.4,1.2,4.4,2.8,40760.0,No formal educational credential,8,,4,Short-term on-the-job training,5,0,0,0,0,27.308000000000035
"Helpers--brickmasons, blockmasons, stonemasons, and tile and marble setters    * Adobe Layer Helper* Brick Carrier* Brick Washer* Bricklayer Helper* Ceramic Tile Installation Helper* Chimney Builder Helper* Firebrick Layer Helper* Marble Installation Helper* Mortar Mixer* Parquet Floor Layer's Helper* Refractory Tile Helper* Wood Tile Installation Helper","=""47-3011""",16.1,14.4,-1.7,-10.5,1.4,46480.0,No formal educational credential,8,,4,Short-term on-the-job training,5,0,0,0,0,14.755000000000004
Helpers--carpenters    * Beam Builder Helper* Building Carpenter Helper* Carpenter Assistant* Carpenter Helper* Construction Carpenters Helper* Hardwood Floor Installation Helper* House Carpenter Helper,"=""47-3012""",25.2,26.4,1.1,4.5,2.7,41600.0,No formal educational credential,8,,4,Short-term on-the-job training,5,0,0,0,0,26.603000000000005
Helpers--electricians    * Electrical Sign Wirer Helper* Electrician's Assistant* House Wirer Helper* Marine Electrician Helper* Stage Electrician Helper* Utilities Ground Worker,"=""47-3013""",66.6,66.7,0.1,0.2,6.8,39890.0,High school diploma or equivalent,7,,4,Short-term on-the-job training,5,0,0,0,0,67.04199999999996
Helpers--extraction workers    * Blaster Helper* Blasting Helper* Boring Machine Operator Helper* Continuous Miner Operator Helper* Driller Helper* Loading Machine Operator Helper* Longwall Machine Operator Helper* Mining Helper* Roof Bolter Helper* Rotary Drill Operator Helper* Shale Planer Operator Helper,"=""47-5081""",7.0,6.9,-0.1,-1.7,0.7,48400.0,High school diploma or equivalent,7,,4,Moderate-term on-the-job training,4,0,0,0,0,6.638000000000002
"Helpers--installation, maintenance, and repair workers    * Automobile Body Repairer Helper* Cable Splicer Helper* Hydroelectric Machinery Mechanic Helper* Locksmith Helper* Logging Equipment Mechanic Helper* Mechanic's Assistant* Meter Repairer Helper* Motorboat Mechanic Helper* Powerhouse Mechanic Helper* Streetcar Repairer Helper","=""49-9098""",98.7,101.0,2.2,2.3,11.8,38860.0,High school diploma or equivalent,7,,4,Short-term on-the-job training,5,0,0,0,0,97.84499999999994
"Helpers--painters, paperhangers, plasterers, and stucco masons    * Billboard Poster Helper* Bridge Painter Helper* Dry Plasterer Helper* Highway Painter Helper* House Painter Helper* Ornamental Plasterer Helper* Plaster Tender* Ship Painter Helper* Swimming Pool Plasterer Helper* Wallpaper Hanger Helper* Wallpaperer Helper","=""47-3014""",7.4,7.6,0.2,2.3,0.8,38140.0,No formal educational credential,8,,4,Short-term on-the-job training,5,0,0,0,0,7.53900000000001
"Helpers--pipelayers, plumbers, pipefitters, and steamfitters    * Gas Main Fitter Helper* Hydraulic Plumber Helper* Industrial Gas Fitter Helper* Marine Pipefitter Helper* Marine Steam Fitter Helper* Pipe Fitter Helper* Plumber Assistant* Plumber Helper* Sewer Pipe Layer Helper* Sprinkler Fitter Helper* Trench Pipe Layer Helper* Water Main Installer Helper","=""47-3015""",45.3,47.5,2.2,4.9,4.9,39270.0,High school diploma or equivalent,7,,4,Short-term on-the-job training,5,0,0,0,0,46.98399999999998
Helpers--production workers    * Blending Tank Helper* Commercial Baker Helper* Machinist Helper* Slitter Helper* Tailor Helper* Welder Helper* Woodworker Helper,"=""51-9198""",168.5,153.5,-15.0,-8.9,23.6,38220.0,High school diploma or equivalent,7,,4,Short-term on-the-job training,5,0,0,0,0,154.23100000000005
Helpers--roofers    * Hot Tar Roofer Helper* Industrial Roofer Helper* Residential Roofer Helper* Roofer Assistant* Roofer Helper* Roofing Laborer* Shingles Roofer Helper* Slate Roofer Helper* Terra Cotta Roofer Helper,"=""47-3016""",5.2,5.5,0.3,5.7,0.6,40590.0,No formal educational credential,8,,4,Short-term on-the-job training,5,0,0,0,0,5.452000000000001
Highway maintenance workers    * Highway Maintainer* Highway Maintenance Crew Worker* Highway Worker* Lane Marker Installer* Road Patcher* Road Sign Installer,"=""47-4051""",159.1,163.9,4.8,3.0,12.3,49070.0,High school diploma or equivalent,7,,4,Moderate-term on-the-job training,4,0,0,0,0,163.50399999999985
Historians    * Genealogist* Historiographer* Protohistorian,"=""19-3093""",3.4,3.5,0.1,2.2,0.3,74050.0,Master's degree,2,,4,,6,0,0,0,0,3.487999999999999
"History teachers, postsecondary    * African History Professor* American History Professor* Historiography Professor* Jewish History Professor* Russian History Professor* South Asian History Professor","=""25-1125""",24.6,24.6,-0.1,-0.2,1.7,81500.0,Doctoral or professional degree,1,,4,,6,0,0,0,0,24.910999999999966
Hoist and winch operators    * Hoist Operator* Winch Derrick Operator* Winch Operator,"=""53-7041""",2.7,2.7,0.0,-1.1,0.3,52310.0,No formal educational credential,8,,4,Short-term on-the-job training,5,0,0,0,0,2.690999999999998
Home appliance repairers    * Certified Appliance Service Technician* Electric Stove Installer* Gas Appliance Repairer* Gas Appliance Servicer* Home Appliance Installer* Stove Installer* Vacuum Cleaner Repair Person* Vacuum Cleaner Repairer* Washing Machine Installer* Washing Machine Repairer* Window Air Conditioner Installer,"=""49-9031""",37.3,38.3,1.0,2.6,3.1,49410.0,High school diploma or equivalent,7,,4,Moderate-term on-the-job training,4,0,0,0,0,37.77900000000004
Home health and personal care aides,"=""31-1120""",4347.7,5087.5,739.8,17.0,765.8,34900.0,High school diploma or equivalent,7,,4,Short-term on-the-job training,5,0,0,0,0,4542.849
"Hosts and hostesses, restaurant, lounge, and coffee shop    * Bar Host/Hostess* Bar Hostess* Dining Room Host* Dining Room Host/Hostess* Maitre D'* Tearoom Host/Hostess* Tearoom Hostess","=""35-9031""",429.9,423.5,-6.4,-1.5,107.7,30380.0,No formal educational credential,8,,4,Short-term on-the-job training,5,0,0,0,0,434.042
"Hotel, motel, and resort desk clerks    * Assistant Innkeeper* Hotel Desk Clerk* Hotel Front Desk Clerk* Hotel Registration Clerk* Motel Clerk* Motel Front Desk Attendant* Resort Desk Clerk","=""43-4081""",264.2,274.0,9.9,3.7,43.6,34270.0,High school diploma or equivalent,7,,4,Short-term on-the-job training,5,0,0,0,0,273.07399999999984
"Human resources assistants, except payroll and timekeeping    * Employment Clerk* HR Clerk* Personnel Clerk","=""43-4161""",95.2,88.4,-6.8,-7.1,9.0,49440.0,Associate's degree,4,,4,,6,0,0,0,0,93.14499999999992
Human resources managers    * Employee Relations Manager* Job Analysis Manager* Labor Relations Director* Personnel Administrator* Personnel Director* Personnel Manager* Position Description Manager,"=""11-3121""",221.9,233.0,11.1,5.0,17.9,140030.0,Bachelor's degree,3,5 years or more,1,,6,0,0,0,0,227.6959999999999
Human resources specialists    * Corporate Recruiter* Credentialing Coordinator* Employee Placement Specialist* Human Resources Generalist* Job Placement Officer* Job Placement Specialist* Job Recruiter* Personnel Coordinator* Personnel Officer* Personnel Recruiter* Personnel Specialist* Staffing Coordinator* Student Recruiter* Volunteer Coordinator,"=""13-1071""",944.3,1002.7,58.4,6.2,81.8,72910.0,Bachelor's degree,3,,4,,6,0,0,0,0,970.9849999999996
Hydrologic technicians    * Groundwater Monitoring Technician,"=""19-4044""",3.1,3.0,-0.1,-2.1,0.4,58570.0,Associate's degree,4,,4,Moderate-term on-the-job training,4,0,0,0,0,3.073
Hydrologists    * Hydrogeologist* Isotope Hydrologist* Surface Hydrologist,"=""19-2043""",6.3,6.3,0.0,-0.1,0.5,92060.0,Bachelor's degree,3,,4,,6,0,0,0,0,6.283999999999997
Industrial engineering technologists and technicians    * Industrial Engineering Technician* Industrial Engineering Technologist* Motion Study Technician* Production Control Technologist* Time Study Technician* Time Study Technologist,"=""17-3026""",74.6,75.9,1.3,1.7,6.3,64790.0,Associate's degree,4,,4,,6,0,0,0,0,76.10699999999994
Industrial engineers    * Efficiency Engineer* Manufacturing Engineer* Packaging Engineer* Production Engineer,"=""17-2112""",351.1,389.6,38.5,11.0,25.2,101140.0,Bachelor's degree,3,,4,,6,0,0,0,0,383.1789999999996
Industrial machinery mechanics    * Bag Machine Adjuster* Boilerhouse Mechanic* Foundry Equipment Mechanic* Hydroelectric Machinery Mechanic* Industrial Conveyor Belt Repairer* Loom Fixer* Loom Technician,"=""49-9041""",439.6,510.3,70.7,16.1,45.7,63760.0,High school diploma or equivalent,7,,4,Long-term on-the-job training,3,0,0,0,0,487.1960000000001
Industrial production managers    * Industrial Production Manager* Manufacturing Director* Plant Chief* Plant Manager* Plant Superintendent* Production Control Manager,"=""11-3051""",241.9,246.5,4.6,1.9,17.1,121440.0,Bachelor's degree,3,5 years or more,1,,6,0,0,0,0,284.3819999999998
Industrial truck and tractor operators    * Forklift Driver* Forklift Operator* Front-End Loader Operator* Hydraulic Lift Driver* Industrial Truck Operator* Reach-Lift Truck Driver* Stacker Operator,"=""53-7051""",792.5,801.6,9.1,1.1,76.4,46390.0,No formal educational credential,8,,4,Short-term on-the-job training,5,0,0,0,0,843.658
Industrial-organizational psychologists    * Engineering Psychologist* Human Resources Psychologist* I/O Psychologist* Industrial Psychologist* Management Psychologist* Organizational Psychologist* Organizational Research Consultant* Personnel Research Psychologist,"=""19-3032""",5.6,5.9,0.3,6.3,0.4,109840.0,Master's degree,2,,4,Internship/residency,1,0,0,0,0,5.7699999999999925
"Information and record clerks, all other    * Election Clerk* Flight Crew Scheduler* Probate Clerk* Student Admissions Clerk","=""43-4199""",153.3,153.0,-0.3,-0.2,17.8,48360.0,High school diploma or equivalent,7,,4,Short-term on-the-job training,5,0,0,0,0,152.41800000000003
Information security analysts    * Computer Security Specialist* Computer Systems Security Analyst* IT Risk Specialist* Information Security Analyst* Information Systems Security Analyst* Network Security Analyst,"=""15-1212""",182.8,234.9,52.1,28.5,16.0,124910.0,Bachelor's degree,3,Less than 5 years,2,,6,0,0,0,0,215.20199999999988
"Inspectors, testers, sorters, samplers, and weighers    * Ampoule Examiner* Bag Grader* Cigarette Examiner* Compressed Gas Tester* Machined Parts Quality Inspector* Petroleum Sampler* Quality Assurance Inspector* Quality Control Inspector* Quality Inspector* Spark Plug Tester","=""51-9061""",598.0,598.1,0.1,0.0,69.9,47460.0,High school diploma or equivalent,7,,4,Moderate-term on-the-job training,4,0,0,0,0,597.5030000000004
"Installation, maintenance, and repair workers, all other    * Bowling Alley Mechanic* Curtain Mender* Fabric Awning Repairer* Fire Extinguisher Installer* Gasoline Pump Installer* Gunsmith* Hand-Woven Carpet and Rug Mender* Parachute Repairer* Sail Repairer* Ski Lift Mechanic* Tarp Repairer* Wheelwright* Window Shade Installer","=""49-9099""",221.2,226.5,5.4,2.4,21.5,48640.0,High school diploma or equivalent,7,,4,Moderate-term on-the-job training,4,0,0,0,0,225.03299999999996
Instructional coordinators    * Curriculum Coordinator* Curriculum Designer* Curriculum Specialist* Curriculum and Assessment Director* Curriculum and Instruction Director* Instructional Materials Director* School Curriculum Developer* Special Education Curriculum Specialist,"=""25-9031""",232.6,235.5,2.9,1.3,21.9,74720.0,Master's degree,2,5 years or more,1,,6,0,0,0,0,227.03799999999995
"Insulation workers, floor, ceiling, and wall    * Ceiling Insulation Blower* Composition Weatherboard Installer* Cork Insulation Installer* Cork Insulator* Insulation Machine Operator* Interior Surface Insulation Worker* Wall Insulation Sprayer","=""47-2131""",40.2,41.7,1.5,3.8,3.4,48680.0,No formal educational credential,8,,4,Short-term on-the-job training,5,0,0,0,0,42.00299999999999
"Insulation workers, mechanical    * Boiler Coverer* Heat and Frost Insulator* Pipe Coverer* Pipe Insulator* Refrigeration Insulator* Sheet Metal Insulator","=""47-2132""",27.2,28.5,1.3,4.7,2.3,57250.0,High school diploma or equivalent,7,,4,Apprenticeship,2,0,0,0,0,28.324
"Insurance appraisers, auto damage    * Auto Damage Appraiser* Auto Damage Insurance Appraiser* Automobile Damage Appraiser* Vehicle Damage Appraiser","=""13-1032""",9.2,8.4,-0.8,-8.2,0.5,76650.0,Postsecondary nondegree award,5,,4,Moderate-term on-the-job training,4,0,0,0,0,8.54999999999999
Insurance claims and policy processing clerks    * Insurance Claims Clerk* Insurance Clerk* Insurance Examining Clerk* Insurance Policy Issue Clerk* Underwriting Assistant* Underwriting Clerk,"=""43-9041""",256.7,247.2,-9.5,-3.7,20.3,48450.0,High school diploma or equivalent,7,,4,Moderate-term on-the-job training,4,0,0,0,0,259.1340000000002
Insurance sales agents    * Health Insurance Sales Agent* Insurance Agent* Insurance Broker* Life Insurance Agent* Life Insurance Salesperson* Pension Agent,"=""41-3021""",568.8,589.8,21.1,3.7,47.0,60370.0,High school diploma or equivalent,7,,4,Moderate-term on-the-job training,4,0,0,0,0,577.3790000000005
Insurance underwriters    * Automobile and Property Underwriter* Bond Underwriter* Insurance Analyst* Insurance Underwriter* Insurance Writer* Underwriting Account Representative* Underwriting Service Representative,"=""13-2053""",127.0,123.7,-3.3,-2.6,8.2,79880.0,Bachelor's degree,3,,4,Moderate-term on-the-job training,4,0,0,0,0,125.30800000000008
Interior designers    * Certified Kitchen Designer* Furniture Arranger* Home Lighting Adviser* Interior Decorator* Interior Designer* Kitchen Designer* Kitchen and Bath Designer,"=""27-1025""",87.1,89.9,2.8,3.2,7.8,63490.0,Bachelor's degree,3,,4,,6,0,0,0,0,89.82399999999987
Interpreters and translators    * American Sign Language Interpreter* Court Interpreter* Deaf Interpreter* Diplomatic Interpreter* Language Translator* Translator,"=""27-3091""",75.3,76.6,1.3,1.7,6.9,59440.0,Bachelor's degree,3,,4,,6,0,0,0,0,76.78400000000005
"Interviewers, except eligibility and loan    * Admitting Interviewer* Census Clerk* Census Taker* Field Enumerator* Market Research Interviewer* Outpatient Interviewing Clerk* Survey Interviewer* Telephone Interviewer","=""43-4111""",164.3,145.1,-19.1,-11.6,15.8,43830.0,High school diploma or equivalent,7,,4,Short-term on-the-job training,5,0,0,0,0,148.12200000000016
"Janitors and cleaners, except maids and housekeeping cleaners    * Building Custodian* Cleaning and Maintenance Worker* Custodial Worker* Custodian* Floor Cleaner* Heavy Duty Custodian* Industrial Plant Custodian* Janitor* Office Cleaner* School Custodian* Window Cleaner* Window Washer","=""37-2011""",2447.7,2495.5,47.8,2.0,351.3,35930.0,No formal educational credential,8,,4,Short-term on-the-job training,5,0,0,0,0,2485.399
Jewelers and precious stone and metal workers    * Diamond Grader* Diamond Polisher* Diamond Setter* Facetor* Gem Cutter* Gemologist* Goldsmith* Jewelry Repairer* Jewelsmith* Lapidarist* Pewterer* Silversmith,"=""51-9071""",35.1,33.2,-1.9,-5.5,4.0,49140.0,High school diploma or equivalent,7,,4,Long-term on-the-job training,3,0,0,0,0,33.716999999999956
"Judges, magistrate judges, and magistrates    * Administrative Court Justice* Circuit Court Judge* County Court Judge* Criminal Court Judge* District Court Judge* Jurist* Justice* Probate Judge* Trial Court Judge* Tribal Judge","=""23-1023""",27.3,28.0,0.7,2.5,0.9,156210.0,Doctoral or professional degree,1,5 years or more,1,Short-term on-the-job training,5,0,0,0,0,28.037999999999993
Judicial law clerks    * Judicial Clerk,"=""23-1012""",14.5,14.9,0.4,2.5,1.0,60400.0,Doctoral or professional degree,1,,4,,6,0,0,0,0,14.868999999999993
"Kindergarten teachers, except special education    * Bilingual Education Kindergarten Teacher* Kindergarten Teacher","=""25-2012""",117.2,115.2,-1.9,-1.6,12.8,61430.0,Bachelor's degree,3,,4,,6,0,0,0,0,120.20100000000002
Labor relations specialists    * Employee Relations Specialist* Industrial Relations Analyst* Industrial Relations Specialist* Labor Relations Consultant* Labor Relations Representative* Union Representative,"=""13-1075""",65.4,65.4,-0.1,-0.1,5.1,93500.0,Bachelor's degree,3,Less than 5 years,2,,6,0,0,0,0,66.87399999999997
"Laborers and freight, stock, and material movers, hand    * Cargo Handler* Cart Pusher* Freight Handler* Grave Digger* Manufacturing Laborer* Material Handler* Package Handler* Shipping and Receiving Material Handler* Van Loader* Wharf Laborer","=""53-7062""",2988.9,3033.1,44.3,1.5,384.3,38940.0,No formal educational credential,8,,4,Short-term on-the-job training,5,0,0,0,0,2984.152
Landscape architects    * Golf Course Architect* Golf Course Designer* Landscape Architect* Landscape Designer,"=""17-1012""",21.8,22.6,0.8,3.5,1.7,79660.0,Bachelor's degree,3,,4,Internship/residency,1,0,0,0,0,21.976999999999993
Landscaping and groundskeeping workers    * Golf Course Laborer* Greenskeeper* Greenskeeper Laborer* Grounds Caretaker* Grounds Maintenance Worker* Hedge Trimmer* Lawn Care Worker* Lawn Caretaker* Lawn Maintenance Worker* Lawn Mower* Lawn Service Worker* Shrub Planter* Sod Layer,"=""37-3011""",1192.5,1235.0,42.4,3.6,158.2,38090.0,No formal educational credential,8,,4,Short-term on-the-job training,5,0,0,0,0,1242.822
"Lathe and turning machine tool setters, operators, and tenders, metal and plastic    * Engine Lathe Operator* Gear Cutter* Screw Machine Operator* Screw Machine Tool Setter","=""51-4034""",18.9,16.4,-2.6,-13.6,1.5,48620.0,High school diploma or equivalent,7,,4,Moderate-term on-the-job training,4,0,0,0,0,16.736000000000026
Laundry and dry-cleaning workers    * Drycleaner* Launderer* Laundress* Laundry Attendant* Laundry Equipment Operator* Laundry Operator* Laundry Sorter* Laundry Worker* Precision Dyer,"=""51-6011""",202.6,213.5,10.9,5.4,31.9,33800.0,No formal educational credential,8,,4,Short-term on-the-job training,5,0,0,0,0,222.94199999999975
"Law teachers, postsecondary    * Constitutional Law Professor* Contracts Law Professor* Criminal Law Professor* Environmental Law Professor* Labor Law Professor* Torts Law Professor","=""25-1112""",29.5,30.2,0.6,2.2,2.2,126650.0,Doctoral or professional degree,1,Less than 5 years,2,,6,0,0,0,0,30.06799999999997
Lawyers    * Agency Legal Counsel* Assistant Attorney General* Assistant Corporation Counsel* Assistant Counsel* Associate Attorney* Attorney* Attorney At Law* Attorney General* Brief Writer* City Attorney* Civil Lawyer* Commonwealth Attorney* Corporate Attorney* Corporate Counsel* Corporate Counselor* County Attorney* Defense Attorney* Deputy Attorney General* Deputy Chief Counsel* District Attorney* Environmental Attorney* Estate Conservator* General Counsel* Insurance Attorney* Legal Counsel* Probate Lawyer* Prosecutor* Public Defender* Real Estate Attorney* Sports Attorney* Tax Attorney* Trial Attorney* Trial Lawyer,"=""23-1011""",864.8,900.7,35.9,4.1,31.5,151160.0,Doctoral or professional degree,1,,4,,6,0,0,0,0,880.9069999999992
"Layout workers, metal and plastic    * Shipfitter* Shipfitter Apprentice","=""51-4192""",5.7,5.4,-0.3,-5.4,0.5,61870.0,High school diploma or equivalent,7,,4,Moderate-term on-the-job training,4,0,0,0,0,5.394999999999994
Legal secretaries and administrative assistants    * Accredited Legal Secretary* Certified Legal Secretary Specialist* Law Secretary* Legal Administrative Assistant,"=""43-6012""",156.3,147.3,-9.0,-5.8,19.6,54140.0,High school diploma or equivalent,7,,4,Moderate-term on-the-job training,4,0,0,0,0,147.07499999999987
"Legal support workers, all other    * Legal Technician","=""23-2099""",51.3,50.7,-0.6,-1.2,4.7,68760.0,Associate's degree,4,,4,,6,0,0,0,0,50.977999999999966
Legislators    * City Alderman* City Council Member* Congressional Representative* Councilor* Legislator* Member of Congress* Selectman* Senator* Tribal Council Member,"=""11-1031""",27.7,28.6,0.9,3.4,2.2,44810.0,Bachelor's degree,3,Less than 5 years,2,,6,0,0,0,0,28.58099999999998
Librarians and media collections specialists    * Acquisitions Librarian* Audio-Visual Collections Coordinator* Catalog Librarian* Children's Librarian* Collection Development Librarian* College Librarian* Electronic Resources Librarian* Film Librarian* Government Documents Librarian* High School Librarian* Interlibrary Loan Services Librarian* Law Librarian* Library Media Specialist* Medical Librarian* Multimedia Services Coordinator* Music Librarian* Periodicals Librarian* Record Librarian* Reference Librarian* Research Librarian* School Librarian* Serials Librarian* Technical Services Librarian* University Librarian* Youth Services Librarian,"=""25-4022""",142.1,144.5,2.4,1.7,13.5,64320.0,Master's degree,2,,4,,6,0,0,0,0,144.99999999999997
"Library assistants, clerical    * Book Sorter* Braille and Talking Books Clerk* Circulation Clerk* Film Library Clerk* Library Aide* Library Assistant* Library Circulation Clerk* Library Clerk* Medical Library Assistant* Microfilm Clerk","=""43-4121""",84.5,78.9,-5.6,-6.7,12.8,36010.0,High school diploma or equivalent,7,,4,Short-term on-the-job training,5,0,0,0,0,80.71700000000001
"Library science teachers, postsecondary    * Library and Information Science Professor* Library and Information Technology Instructor* Medical Records Library Professor","=""25-1082""",5.1,5.3,0.2,3.0,0.4,78630.0,Doctoral or professional degree,1,,4,,6,0,0,0,0,5.2970000000000015
Library technicians    * Cataloging Library Technical Assistant* Library Acquisitions Technician* Library Cataloging Technician* Library Circulation Technician* Library Technical Assistant* Serials or Bindery Library Technical Assistant,"=""25-4031""",78.6,73.2,-5.4,-6.8,13.0,39970.0,Postsecondary nondegree award,5,,4,,6,0,0,0,0,75.58499999999994
Licensed practical and licensed vocational nurses    * LP Nurse* LPN* LVN* Licensed Practical Nurse* Licensed Vocational Nurse* Pediatric Licensed Practical Nurse* Triage Licensed Practical Nurse,"=""29-2061""",651.4,668.5,17.1,2.6,54.4,62340.0,Postsecondary nondegree award,5,,4,,6,0,0,0,0,667.3320000000001
"Life scientists, all other    * Life Science Taxonomist","=""19-1099""",7.8,8.1,0.3,3.7,0.4,87800.0,Bachelor's degree,3,,4,,6,0,0,0,0,8.123000000000012
"Life, physical, and social science technicians, all other    * Meteorological Aide* Polygraph Examiner","=""19-4099""",83.2,86.2,2.9,3.5,10.6,60130.0,Associate's degree,4,,4,,6,0,0,0,0,86.33999999999997
"Lifeguards, ski patrol, and other recreational protective service workers    * Beach Lifeguard* Certified Ski Patroller* Life Guard* OEC Technician* Outdoor Emergency Care Technician* Pool Lifeguard* Ski Patrol","=""33-9092""",149.7,158.4,8.7,5.8,42.7,33720.0,No formal educational credential,8,,4,Short-term on-the-job training,5,0,0,0,0,157.47799999999995
Light truck drivers    * Grocery Light Truck Driver* Parcel Truck Driver,"=""53-3033""",1079.8,1158.6,78.9,7.3,120.2,44140.0,High school diploma or equivalent,7,,4,Short-term on-the-job training,5,0,0,0,0,1130.241000000001
Lighting technicians    * Dimmer Board Operator* Gaffer* Lamp Operator* Spotlight Operator,"=""27-4015""",12.1,11.5,-0.6,-4.6,0.8,60560.0,Postsecondary nondegree award,5,,4,Short-term on-the-job training,5,0,0,0,0,11.444999999999999
"Loading and moving machine operators, underground mining    * Coal Hauler Operator* Coke Loader* Joy Loader* Load Haul Dump Operator* Mine Shuttle Car Operator* Mobile Bridge Conveyor Operator","=""47-5044""",6.4,5.0,-1.4,-22.3,0.5,68860.0,No formal educational credential,8,,4,Short-term on-the-job training,5,0,0,0,0,6.160999999999998
Loan interviewers and clerks    * Loan Interviewer* Loan Processor* Mortgage Closing Clerk* Mortgage Loan Closer* Mortgage Loan Processing Clerk* Mortgage Loan Processor* Mortgage Processor,"=""43-4131""",177.6,173.5,-4.1,-2.3,13.3,48950.0,High school diploma or equivalent,7,,4,Short-term on-the-job training,5,0,0,0,0,170.46900000000008
Loan officers    * Branch Lending Officer* Commercial Lender* Loan Analyst* Loan Officer* Loan Reviewer* Payday Loan Officer* Real Estate Loan Officer,"=""13-2072""",301.4,306.5,5.0,1.7,20.3,74180.0,Bachelor's degree,3,Less than 5 years,2,Moderate-term on-the-job training,4,0,0,0,0,305.77200000000005
"Locker room, coatroom, and dressing room attendants    * Athletic Equipment Manager* Bathhouse Attendant* Checkroom Attendant* Cloak Room Attendant* Coat Checker* Ladies Locker Room Attendant* Locker Room Attendant* Locker Room Manager* Locker Room Supervisor* Washroom Attendant","=""39-3093""",15.6,16.6,1.0,6.4,4.2,34800.0,High school diploma or equivalent,7,,4,Short-term on-the-job training,5,0,0,0,0,16.599999999999987
Locksmiths and safe repairers    * Key Maker* Keysmith* Lock Expert* Lock Fitter* Lock Setter* Lock Technician* Locksmith* Safe and Vault Installer* Safe and Vault Mechanic,"=""49-9094""",18.8,17.2,-1.6,-8.3,1.7,50490.0,High school diploma or equivalent,7,,4,Long-term on-the-job training,3,0,0,0,0,17.153000000000024
Locomotive engineers    * Freight Engineer* Railroad Engineer* Railway Engineer* Train Engineer,"=""53-4011""",27.0,27.2,0.2,0.7,2.2,77400.0,High school diploma or equivalent,7,Less than 5 years,2,Moderate-term on-the-job training,4,0,0,0,0,27.701000000000004
Lodging managers    * Bed and Breakfast Innkeeper* Boardinghouse Keeper* Hotel Director* Hotel Manager* Hotel Operations Manager* Innkeeper* Lodging Facilities Manager,"=""11-9081""",52.0,53.8,1.8,3.4,5.4,68130.0,High school diploma or equivalent,7,Less than 5 years,2,,6,0,0,0,0,53.885000000000055
Log graders and scalers    * Log Check Scaler* Log Grader* Log Scaler* Log Sorter* Timber Estimator* Veneer Grader,"=""45-4023""",4.6,4.6,0.0,-0.7,0.6,46710.0,High school diploma or equivalent,7,,4,Moderate-term on-the-job training,4,0,0,0,0,4.754000000000004
Logging equipment operators    * Combination Slasher-Loader Operator* Delimber Operator* Feller Buncher Operator* Feller Operator* Grapple Operator* Grapple Skidder Operator* Loader Operator* Log Chipper Operator* Log Hauler* Log Loader Operator* Log Processor Operator* Log Stacker Operator* Logging Cable Skidder Operator* Logging Clam Bunk Operator* Logging Crane Operator* Logging Excavator Operator* Logging Forwarder Operator* Logging Operating Engineer* Logging Shovel Operator* Logging Slasher Operator* Logging Tractor Operator* Lumber Stacker Operator* Timber Harvester Operator* Tree Crusher Operator* Tree-Shear Operator,"=""45-4022""",30.9,30.5,-0.4,-1.4,4.2,49210.0,High school diploma or equivalent,7,,4,Moderate-term on-the-job training,4,0,0,0,0,30.640999999999995
"Logging workers, all other    * Log Cutter* Log Peeler* Log Roper* Logging Laborer* Logging Swamper* Rigging Slinger* Timber Hand","=""45-4029""",3.1,3.0,-0.1,-4.7,0.4,52000.0,High school diploma or equivalent,7,,4,Moderate-term on-the-job training,4,0,0,0,0,3.075
Logisticians    * Logistician* Logistics Analyst* Logistics Coordinator* Logistics Planner* Logistics Specialist,"=""13-1081""",241.0,281.3,40.3,16.7,26.4,80880.0,Bachelor's degree,3,,4,,6,0,0,0,0,280.21899999999965
Machine feeders and offbearers    * Brick Offbearer* Chain Offbearer* Chopper Feeder* Doffer* Dryer Feeder* Hopper Feeder* Hopper Filler* Line Feeder* Offbearer* Packing Machine Can Feeder* Spike Machine Feeder* Spinning Doffer* Spooler Operator,"=""53-7063""",46.5,40.4,-6.0,-13.0,4.7,39700.0,No formal educational credential,8,,4,Short-term on-the-job training,5,0,0,0,0,42.67100000000001
Machinists    * Automotive Machinist* CNC Machinist* Gear Machinist* Manual Lathe Machinist* Precision Machinist* Production Machinist* Tool Room Machinist,"=""51-4041""",299.5,299.6,0.0,0.0,29.5,56150.0,High school diploma or equivalent,7,,4,Long-term on-the-job training,3,0,0,0,0,302.5449999999996
Magnetic resonance imaging technologists    * Computed Tomography/Magnetic Resonance Imaging (CT/MRI) Technologist* MRI Technologist,"=""29-2035""",44.1,47.2,3.1,7.1,2.6,88180.0,Associate's degree,4,Less than 5 years,2,,6,0,0,0,0,46.78999999999994
Maids and housekeeping cleaners    * Chambermaid* Cleaning Maid* Cottage Attendant* Domestic Maid* House Cleaner* Housekeeping Aide* Housekeeping Staff* Motel Maid* Ward Maid,"=""37-2012""",1356.8,1362.8,6.0,0.4,193.5,34660.0,No formal educational credential,8,,4,Short-term on-the-job training,5,0,0,0,0,1430.1770000000004
"Mail clerks and mail machine operators, except postal service    * Direct Mail Clerk* Mailroom Clerk* Packaging Clerk","=""43-9051""",67.4,62.9,-4.4,-6.6,6.9,38150.0,High school diploma or equivalent,7,,4,Short-term on-the-job training,5,0,0,0,0,64.82399999999991
"Maintenance and repair workers, general    * Building Maintenance Mechanic* Building Mechanic* Building Services Mechanic* Facilities Maintenance Worker* General Maintenance Worker* Maintenance Mechanic* Mechanics Handyman* Plant Maintenance Technician","=""49-9071""",1629.7,1692.1,62.4,3.8,159.8,48620.0,High school diploma or equivalent,7,,4,Moderate-term on-the-job training,4,0,0,0,0,1616.5240000000008
"Maintenance workers, machinery    * Crane Oiler","=""49-9043""",57.5,55.9,-1.6,-2.8,4.8,60500.0,High school diploma or equivalent,7,,4,Long-term on-the-job training,3,0,0,0,0,56.53399999999997
"Makeup artists, theatrical and performance    * Special Effects Makeup Artist","=""39-5091""",7.0,7.6,0.6,8.1,1.1,50280.0,Postsecondary nondegree award,5,,4,,6,0,0,0,0,7.32900000000001
Management analysts    * Business Analyst* Business Consultant* Business Management Analyst* Business Process Consultant* Clerical Methods Analyst* Commercial Specialist* Industrial Analyst* Management Consultant* Records Management Analyst* University Institutional Researcher,"=""13-1111""",1075.1,1169.7,94.5,8.8,98.1,101190.0,Bachelor's degree,3,Less than 5 years,2,,6,0,0,0,0,1121.5420000000008
"Managers, all other    * Clerk of Court* Environmental Control Administrator* Highway Patrol Commander* Safety Coordinator* Social Science Manager* Utilities Manager","=""11-9199""",1333.7,1393.5,59.8,4.5,106.7,136550.0,Bachelor's degree,3,Less than 5 years,2,,6,0,0,0,0,1377.69
Manicurists and pedicurists    * Fingernail Sculptor* Nail Technician* Pedicurist,"=""39-5092""",210.1,224.8,14.7,7.0,24.8,34660.0,Postsecondary nondegree award,5,,4,,6,0,0,0,0,224.20999999999975
Manufactured building and mobile home installers    * Housetrailer Servicer* Mobile Home Mechanic* Mobile Home Servicer* Mobile Home Technician* Modular Home Crew Member,"=""49-9095""",3.1,3.3,0.2,5.9,0.3,41080.0,High school diploma or equivalent,7,,4,Short-term on-the-job training,5,0,0,0,0,3.3880000000000012
Marine engineers and naval architects    * Marine Architect* Marine Equipment Engineer* Marine Structural Designer* Naval Engineer* Ships Equipment Engineer,"=""17-2121""",8.5,9.0,0.5,5.8,0.6,105670.0,Bachelor's degree,3,,4,,6,0,0,0,0,9.003000000000002
Market research analysts and marketing specialists    * Advertising Analyst* Market Research Analyst* Market Research Specialist* Marketing Analyst* Marketing Consultant* Marketing Forecaster* Marketing Specialist* Search Marketing Strategist,"=""13-1161""",941.7,1004.7,63.0,6.7,87.2,76950.0,Bachelor's degree,3,,4,,6,0,0,0,0,970.2279999999996
Marketing managers    * Internet Marketing Manager* Marketing Administrator* Marketing Director* VP Marketing,"=""11-2021""",407.0,433.7,26.7,6.6,34.3,161030.0,Bachelor's degree,3,5 years or more,1,,6,0,0,0,0,435.31199999999984
Marriage and family therapists    * Child and Family Counselor* Couples Therapist* Family Counselor* Family Therapist* Marriage Counselor* Marriage Therapist* Relationship Counselor,"=""21-1013""",77.8,87.7,9.8,12.6,7.7,63780.0,Master's degree,2,,4,Internship/residency,1,0,0,0,0,85.35699999999993
Massage therapists    * Deep Tissue Massage Therapist* Licensed Massage Practitioner* Licensed Massage Therapist* Masseur* Masseuse* Massotherapist* Rolfer* Swedish Masseuse,"=""31-9011""",168.0,193.9,25.9,15.4,24.7,57950.0,Postsecondary nondegree award,5,,4,,6,0,0,0,0,189.48699999999994
"Material moving workers, all other    * Back Hoe Operator* Backhoe Operator* Bulldozer Operator* End Loader Operator* Freight Elevator Operator* Payloader Operator* Shovel Operator","=""53-7199""",27.7,28.9,1.2,4.3,3.1,41690.0,No formal educational credential,8,,4,Short-term on-the-job training,5,0,0,0,0,28.850000000000023
Materials engineers    * Automotive Sheet Metal Engineer* Ceramic Engineer* Forensic Materials Engineer* Glass Science Engineer* Metallographer* Metallurgical Engineer* Metallurgist* Welding Engineer,"=""17-2131""",23.0,24.3,1.3,5.7,1.5,108310.0,Bachelor's degree,3,,4,,6,0,0,0,0,23.662
Materials scientists    * Metal Alloy Scientist* Plastics Scientist,"=""19-2032""",8.7,9.1,0.4,4.9,0.6,104160.0,Bachelor's degree,3,,4,,6,0,0,0,0,9.046000000000006
"Mathematical science occupations, all other    * Harmonic Analyst* Mathematical Engineering Technician* Mathematics Technician","=""15-2099""",5.0,5.2,0.2,4.0,0.3,71490.0,Bachelor's degree,3,,4,,6,0,0,0,0,5.257
"Mathematical science teachers, postsecondary    * Actuarial Science Professor* Biostatistics Professor* Calculus Professor* Geometry Professor* Mathematics Professor* Statistical Methods Professor* Statistics Professor* Topology Professor","=""25-1022""",58.9,60.2,1.3,2.3,4.4,79350.0,Doctoral or professional degree,1,,4,,6,0,0,0,0,60.195999999999934
Mathematicians    * Algebraist* Cipher Expert* Cryptanalyst* Cryptographer* Cryptographic Vulnerability Analyst* Geometrician,"=""15-2021""",2.4,2.4,0.0,-0.7,0.1,121680.0,Master's degree,2,,4,,6,0,0,0,0,2.192000000000002
"Meat, poultry, and fish cutters and trimmers    * Crab Picker* Deboner* Fish Cutter* Fish Filleter* Frozen Meat Cutter* Meat Trimmer* Oyster Shucker* Poultry Cutter* Poultry Eviscerator* Shrimp Peeler* Shrimp Picker* Wing Scorer","=""51-3022""",146.8,154.9,8.1,5.5,18.4,37700.0,No formal educational credential,8,,4,Short-term on-the-job training,5,0,0,0,0,155.19299999999993
Mechanical door repairers    * Automatic Door Mechanic* Door Closer Mechanic* Garage Door Technician* Overhead Door Technician,"=""49-9011""",28.4,31.7,3.2,11.4,2.7,51050.0,High school diploma or equivalent,7,,4,Moderate-term on-the-job training,4,0,0,0,0,31.074000000000034
Mechanical drafters    * Aeronautical Drafter* Automotive Design Drafter* Die Designer* Gage Designer* Mechanical Design Drafter* Tool Designer* Tool and Die Designer,"=""17-3013""",42.9,40.1,-2.8,-6.5,3.3,68510.0,Associate's degree,4,,4,,6,0,0,0,0,40.89499999999996
Mechanical engineering technologists and technicians    * Gyroscopic Engineering Technician* Heat Transfer Technician* Hydraulic Technician* Mechanical Engineering Technician* Mechanical Engineering Technologist* Optomechanical Technician,"=""17-3027""",38.3,38.3,0.0,0.0,3.2,68730.0,Associate's degree,4,,4,,6,0,0,0,0,37.822000000000045
Mechanical engineers    * Auto Research Engineer* Combustion Engineer* Engine Designer* Heating and Cooling Systems Engineer* Tool Engineer* Tool and Die Engineer,"=""17-2141""",293.1,319.6,26.5,9.1,18.1,102320.0,Bachelor's degree,3,,4,,6,0,0,0,0,301.25699999999995
"Media and communication equipment workers, all other    * Satellite Communications Operator","=""27-4099""",15.1,15.2,0.1,0.6,1.1,67190.0,High school diploma or equivalent,7,,4,Short-term on-the-job training,5,0,0,0,0,15.250000000000007
"Media and communication workers, all other    * Public Address Announcer* Stage Technician* Train Announcer* Train Caller","=""27-3099""",34.3,35.3,0.9,2.7,3.0,71770.0,High school diploma or equivalent,7,,4,Short-term on-the-job training,5,0,0,0,0,35.538000000000025
Medical and health services managers    * Chief Medical Information Officer* Clinic Director* Clinical Informatics Director* Clinical Services Director* Emergency Medical Service Coordinator* Health Care Manager* Health Information Services Manager* Health Services Administrator* Health Services Director* Healthcare Administrator* Healthcare Manager* Hospice Director* Hospice Plan Administrator* Hospital Administrator* Hospital Director* Medical Director* Medical Records Administrator* Medical and Health Information Manager* Mental Health Program Manager* Nursing Home Manager* Nursing Service Director* Occupational Therapy Director* Public Health Administrator* Respiratory Therapy Director* Speech and Hearing Therapy Director* Wellness Director* Wellness Manager,"=""11-9111""",616.2,759.1,142.9,23.2,62.1,117960.0,Bachelor's degree,3,Less than 5 years,2,,6,0,0,0,0,714.6829999999998
Medical appliance technicians    * Arch-Support Maker* Brace Maker* Hearing Aid Repair Technician* Manufacturing Orthopedic Technologist* Orthotic Fabricator Technician* Orthotic Finish Grinding Technician* Orthotics Fitter* Orthotics Technician* Prosthetics Fabrication Technician* Prosthetics Lab Technician* Prosthetics Technician* Surgical Appliance Fitter,"=""51-9082""",12.0,12.4,0.4,3.7,1.5,47060.0,High school diploma or equivalent,7,,4,Moderate-term on-the-job training,4,0,0,0,0,12.270999999999999
Medical assistants    * Autopsy Assistant* Certified Medical Assistant* Chiropractic Assistant* Clinical Medical Assistant* Morgue Attendant* Ocular Care Aide* Optometric Aide* Optometrist Assistant* Optometry Assistant* Orthopedic Cast Specialist* Podiatric Aide,"=""31-9092""",811.0,912.2,101.2,12.5,112.3,44200.0,Postsecondary nondegree award,5,,4,,6,0,0,0,0,898.9429999999994
Medical dosimetrists    * Certified Medical Dosimetrist* Qualified Medical Dosimetrist,"=""29-2036""",4.8,4.9,0.2,3.5,0.2,138110.0,Bachelor's degree,3,,4,,6,0,0,0,0,4.921999999999994
Medical equipment preparers    * Central Sterile Supply Technician* Certified Registered Central Service Technician* Health Equipment Servicer* Medical Supply Technician* Oxygen Equipment Preparer* Sterile Preparation Technician* Sterile Processing Technician* Sterile Processing and Distribution Technician* Sterilization Specialist* Sterilization Technician,"=""31-9093""",76.5,84.2,7.6,10.0,10.9,46490.0,High school diploma or equivalent,7,,4,Moderate-term on-the-job training,4,0,0,0,0,83.66399999999996
Medical equipment repairers    * BMET* Biomedical Electronics Technician* Biomedical Equipment Technician* Certified Biomedical Equipment Technician* Dental Equipment Mechanic* Dental Equipment Repairer* Durable Medical Equipment Repairer* Electromedical Equipment Technician* Radiology Equipment Servicer* Surgical Instrument Mechanic,"=""49-9062""",68.0,76.8,8.8,12.9,7.3,62630.0,Associate's degree,4,,4,Moderate-term on-the-job training,4,0,0,0,0,75.26100000000008
Medical records specialists    * Health Information Coder* Health Records Technician* Medical Bill Coder,"=""29-2072""",194.8,208.6,13.8,7.1,14.2,50250.0,Postsecondary nondegree award,5,,4,,6,0,0,0,0,210.65100000000007
"Medical scientists, except epidemiologists    * Cancer Researcher* Clinical Pharmacologist* Gerontologist* Histopathologist* Immunochemist* Industrial Pharmacist* Medical Health Researcher* Medical Research Scientist* Medical Scientist* Neuroscientist* Pharmacologist* Serologist* Toxicologist","=""19-1042""",165.3,179.6,14.3,8.7,9.6,100590.0,Doctoral or professional degree,1,,4,,6,0,0,0,0,178.987
Medical secretaries and administrative assistants    * Dental Secretary* Hospital Secretary* Psychiatric Secretary,"=""43-6013""",850.0,885.3,35.3,4.2,85.9,44640.0,High school diploma or equivalent,7,,4,Moderate-term on-the-job training,4,0,0,0,0,877.9500000000012
Medical transcriptionists    * Certified Medical Transcriptionist* Medical Record Transcriber* Medical Stenographer* Medical Transcriber* Pathology Transcriptionist* Radiology Transcriptionist* Registered Medical Transcriptionist,"=""31-9094""",43.9,41.8,-2.2,-4.9,7.4,37550.0,Postsecondary nondegree award,5,,4,,6,0,0,0,0,42.135000000000026
"Meeting, convention, and event planners    * Certified Meeting Professional* Conference Organizer* Conference Planner* Conference Planning Manager* Conference Services Director* Conference Services Manager* Convention Planner* Convention Services Manager* Corporate Meeting Planner* Event Planner* Events Manager* Wedding Planner","=""13-1121""",155.8,163.3,7.5,4.8,15.5,59440.0,Bachelor's degree,3,,4,,6,0,0,0,0,161.0899999999998
Mental health and substance abuse social workers    * Community Mental Health Social Worker* Drug Abuse Social Worker* Psychiatric Social Worker* Psychotherapist Social Worker,"=""21-1023""",136.8,150.1,13.3,9.7,13.5,60060.0,Master's degree,2,,4,Internship/residency,1,0,0,0,0,148.8320000000001
Merchandise displayers and window trimmers    * Display Artist* Display Decorator* Display Designer* Display Specialist* Mannequin Decorator* Merchandise Displayer* Show Floor Decorator* Visual Merchandiser* Visual Merchandising Specialist* Window Decorator* Window Draper* Window Dresser* Window Trimmer,"=""27-1026""",193.0,199.3,6.2,3.2,20.8,37350.0,High school diploma or equivalent,7,,4,Short-term on-the-job training,5,0,0,0,0,205.59599999999978
"Metal workers and plastic workers, all other    * Electrical Discharge Machine Setup Operator* Metal Rivet Machine Operator* Tin Recovery Worker","=""51-4199""",20.4,18.5,-1.9,-9.5,1.7,42750.0,High school diploma or equivalent,7,,4,Moderate-term on-the-job training,4,0,0,0,0,18.628
Metal-refining furnace operators and tenders    * Electric Arc Furnace Operator* Melt Room Operator* Smelter Operator,"=""51-4051""",20.8,20.3,-0.5,-2.3,2.0,55770.0,High school diploma or equivalent,7,,4,Moderate-term on-the-job training,4,0,0,0,0,20.651999999999976
"Meter readers, utilities    * Electric Meter Reader* Gas Meter Reader* Water Meter Reader","=""43-5041""",20.1,17.7,-2.4,-12.0,1.3,49180.0,High school diploma or equivalent,7,,4,Short-term on-the-job training,5,0,0,0,0,18.161000000000016
Microbiologists    * Bacteriologist* Clinical Microbiologist* Medical Microbiologist* Microbiological Analyst* Public Health Microbiologist* Quality Control Microbiologist* Virologist,"=""19-1022""",20.7,21.6,0.8,4.1,1.7,87330.0,Bachelor's degree,3,,4,,6,0,0,0,0,21.503999999999973
"Middle school teachers, except special and career/technical education    * Intermediate School Social Studies Teacher* Junior High School Teacher* Middle School PE Teacher* Middle School Science Teacher","=""25-2022""",633.7,621.3,-12.4,-2.0,40.5,62970.0,Bachelor's degree,3,,4,,6,0,0,0,0,632.4930000000006
"Milling and planing machine setters, operators, and tenders, metal and plastic    * Metal Milling Machine Operator* Metal Rotary Head Milling Machine Setup Operator* Plastic Thread Milling Machine Setup Operator","=""51-4035""",13.8,11.8,-2.0,-14.4,1.1,48310.0,High school diploma or equivalent,7,,4,Moderate-term on-the-job training,4,0,0,0,0,13.275
Millwrights    * Construction Millwright* Machine Erector* Machinery Dismantler* Maintenance Millwright* Manufacturing Millwright,"=""49-9044""",41.3,41.3,0.0,0.0,3.6,65170.0,High school diploma or equivalent,7,,4,Apprenticeship,2,0,0,0,0,41.53400000000005
"Mining and geological engineers, including mining safety engineers    * Geophysical Engineer* Mineral Engineer* Mining Engineer* Seismic Engineer","=""17-2151""",7.0,7.0,0.0,0.7,0.4,101020.0,Bachelor's degree,3,,4,,6,0,0,0,0,6.850000000000002
Miscellaneous assemblers and fabricators,"=""51-2090""",1467.1,1465.9,-1.3,-0.1,156.3,42210.0,High school diploma or equivalent,7,,4,Moderate-term on-the-job training,4,0,0,0,0,1497.631999999998
Miscellaneous construction and related workers,"=""47-4090""",35.0,36.2,1.2,3.5,3.1,48120.0,High school diploma or equivalent,7,,4,Moderate-term on-the-job training,4,0,0,0,0,36.070999999999984
"Mixing and blending machine setters, operators, and tenders    * Asphalt Blender* Clay Mixer* Concrete Batcher* Dye Mixer* Glue Mixer* Ink Blender* Ink Mixer* Plaster Mixer* Resin Mixer","=""51-9023""",101.1,94.3,-6.8,-6.8,8.8,47680.0,High school diploma or equivalent,7,,4,Moderate-term on-the-job training,4,0,0,0,0,96.50500000000002
"Mobile heavy equipment mechanics, except engines    * Bulldozer Mechanic* Construction Equipment Mechanic* Dragline Mechanic* Forklift Mechanic* Forklift Technician* Logging Equipment Mechanic","=""49-3042""",188.7,199.6,10.9,5.8,16.5,63980.0,High school diploma or equivalent,7,,4,Long-term on-the-job training,3,0,0,0,0,208.31899999999993
"Model makers, metal and plastic    * Metal Mockup Maker* Plastic Jig and Fixture Builder","=""51-4061""",3.2,2.6,-0.6,-18.2,0.3,62700.0,High school diploma or equivalent,7,,4,Moderate-term on-the-job training,4,0,0,0,0,3.1420000000000003
"Model makers, wood    * Architectural Wood Model Maker","=""51-7031""",0.9,0.9,0.0,-4.5,0.1,51850.0,High school diploma or equivalent,7,,4,Moderate-term on-the-job training,4,0,0,0,0,0.9320000000000008
Models    * Artist's Model* Clothes Model* Fashion Model* Figure Model* Hand Model* Hat Model* Photographer's Model* Studio Model,"=""41-9012""",6.7,6.7,0.0,-0.5,1.2,89990.0,No formal educational credential,8,,4,,6,0,0,0,0,6.6530000000000005
"Molders, shapers, and casters, except metal and plastic    * Burial Vault Maker* Cigar Roller* Clay Modeler* Concrete Vault Maker* Glass Bender* Glass Block Bender* Glass Blower* Glass Presser* Glass Tube Bender* Mannequin Mold Maker* Neon Glass Bender* Neon Glass Blower* Neon Molder* Neon Tube Bender* Rubber Molder* Stone Carver","=""51-9195""",41.7,44.3,2.6,6.2,5.5,45690.0,High school diploma or equivalent,7,,4,Long-term on-the-job training,3,0,0,0,0,44.54100000000004
"Molding, coremaking, and casting machine setters, operators, and tenders, metal and plastic    * Aluminum Molding Machine Operator* Blow Mold Operator* Compression Molding Machine Operator* Plastic Cup Fabricating Machine Operator","=""51-4072""",154.6,148.8,-5.8,-3.8,15.9,41230.0,High school diploma or equivalent,7,,4,Moderate-term on-the-job training,4,0,0,0,0,148.5419999999999
"Morticians, undertakers, and funeral arrangers    * Certified Mortician* Funeral Arrangement Director* Funeral Arranger","=""39-4031""",27.5,28.4,0.8,3.1,3.2,49800.0,Associate's degree,4,,4,Long-term on-the-job training,3,0,0,0,0,28.45200000000003
Motion picture projectionists    * Chief Projectionist* Film Projector Operator* Motion Picture Operator* Motion Picture Projectionist* Movie Projectionist* Projector Booth Operator* Stereoptician,"=""39-3021""",2.0,2.0,-0.1,-3.7,0.5,38180.0,No formal educational credential,8,,4,Short-term on-the-job training,5,0,0,0,0,2.0010000000000003
"Motor vehicle operators, all other    * Assembly Line Driver* Ice-Resurfacing Machine Operators* Motorcycle Deliverer* Street Cleaning Equipment Operator* Street Sweeper Operator","=""53-3099""",79.3,84.0,4.7,6.0,11.1,36260.0,No formal educational credential,8,,4,Short-term on-the-job training,5,0,0,0,0,85.113
Motorboat mechanics and service technicians    * Certified Marine Mechanic* Marine Propulsion Technician* Marine Technician* Motorboat Mechanic* Outboard Motor Mechanic* Outboard Technician,"=""49-3051""",26.2,27.8,1.6,6.0,2.6,54950.0,High school diploma or equivalent,7,,4,Long-term on-the-job training,3,0,0,0,0,27.295999999999996
Motorboat operators    * Launch Operator* Outboard Motorboat Operator* Speedboat Driver* Speedboat Operator* Water Taxi Ferry Operator* Water Taxi Operator,"=""53-5022""",2.7,2.8,0.0,1.4,0.3,51880.0,Postsecondary nondegree award,5,Less than 5 years,2,,6,0,0,0,0,2.8339999999999987
Motorcycle mechanics    * ATV Technician* All Terrain Vehicle Technician* Motor Scooter Mechanic* Motorcycle Repairer* Motorcycle Service Technician* Motorcycle Technician* Scooter Mechanic,"=""49-3052""",14.9,15.7,0.8,5.3,1.5,47200.0,Postsecondary nondegree award,5,,4,Short-term on-the-job training,5,0,0,0,0,15.690000000000023
"Multiple machine tool setters, operators, and tenders, metal and plastic    * Combination Machine Tool Operator* Multi-operation Forming Machine Setter","=""51-4081""",131.0,130.3,-0.7,-0.5,12.8,46060.0,High school diploma or equivalent,7,,4,Moderate-term on-the-job training,4,0,0,0,0,130.53099999999986
Museum technicians and conservators    * Art Conservator* Art Handler* Conservation Technician* Ethnographic Materials Conservator* Museum Exhibit Technician* Objects Conservator* Paintings Conservator* Paper Conservator* Textile Conservator,"=""25-4013""",15.7,16.5,0.8,5.4,1.9,47460.0,Bachelor's degree,3,,4,,6,0,0,0,0,16.469999999999995
Music directors and composers    * Choir Director* Choirmaster* Chorus Master* Composer* Maestro* Music Adapter* Music Arranger* Music Copyist* Music Director* Music Minister* Music Pastor* Orchestra Conductor* Orchestra Director* Orchestrator* Songwriter,"=""27-2041""",47.3,47.2,-0.1,-0.3,4.3,63670.0,Bachelor's degree,3,Less than 5 years,2,,6,0,0,0,0,47.24399999999997
Musical instrument repairers and tuners    * Accordion Repairer* Band Instrument Repair Technician* Banjo Repairer* Bow Rehairer* Brass and Wind Instrument Repairer* Chip Tuner* Fretted String Instrument Repairer* Guitar Builder* Guitar Repairer* Keyboard Instrument Repairer* Luthier* Mandolin Repairer* Organ Installer* Organ Tuner* Percussion Instrument Repairer* Piano Regulator* Piano Technician* Piano Tuner* Pipe Organ Technician* Stringed Instrument Repairer* Tone Regulator* Violin Repairer,"=""49-9063""",6.2,6.3,0.1,1.4,0.6,45320.0,High school diploma or equivalent,7,,4,Apprenticeship,2,0,0,0,0,6.160999999999996
Natural sciences managers    * Agricultural Research Director* Geochemical Manager* Geophysical Manager* Ocean Program Administrator,"=""11-9121""",104.3,108.2,3.9,3.7,8.5,161180.0,Bachelor's degree,3,5 years or more,1,,6,0,0,0,0,106.33699999999993
Network and computer systems administrators    * LAN Administrator* LAN Systems Administrator* Local Area Network Administrator* Network Analyst* Network Coordinator* Network Support Coordinator* Network Support Manager* Network Systems Administrator* Network Systems Coordinator* WAN Systems Administrator* Wide Area Network Administrator,"=""15-1244""",331.5,317.7,-13.8,-4.2,14.3,96800.0,Bachelor's degree,3,,4,,6,0,0,0,0,337.6639999999999
New accounts clerks    * Banking Services Clerk* New Accounts Banking Representative* New Client Banking Services Clerk,"=""43-4141""",38.9,33.8,-5.2,-13.2,2.3,46610.0,High school diploma or equivalent,7,,4,Moderate-term on-the-job training,4,0,0,0,0,33.12100000000004
"News analysts, reporters, and journalists    * Book Critic* Book Reviewer* Columnist* Correspondent* Desk Reporter* Film Critic* Foreign Correspondent* Investigative Reporter* Journalist* Market News Reporter* Movie Critic* News Anchor* News Commentator* News Reporter* Newscaster* Newspaper Columnist* Newspaper Correspondent* Political Reporter* Press Writer* Society Reporter","=""27-3023""",49.3,47.4,-1.9,-3.9,4.1,60280.0,Bachelor's degree,3,,4,,6,0,0,0,0,48.06999999999999
Nuclear engineers    * Atomic Process Engineer* Nuclear Engineer* Nuclear Radiation Engineer* Nuclear Steam Supply System Engineer* Radiation Engineer* Reactor Engineer* Reactor Projects Engineer,"=""17-2161""",15.4,15.3,-0.2,-1.1,0.8,127520.0,Bachelor's degree,3,,4,,6,0,0,0,0,15.457
Nuclear medicine technologists    * Certified Nuclear Medicine Technologist* Isotope Technologist* Nuclear Cardiology Technologist* Nuclear Medical Technologist* Radioisotope Technologist* Registered Nuclear Medicine Technologist,"=""29-2033""",20.0,20.6,0.6,3.0,0.9,97020.0,Associate's degree,4,,4,,6,0,0,0,0,20.310999999999968
Nuclear power reactor operators    * Nuclear Control Room Operator* Nuclear Reactor Operator* Nuclear Station Operator* Reactor Operator,"=""51-8011""",5.7,4.9,-0.9,-15.3,0.4,122610.0,High school diploma or equivalent,7,,4,Long-term on-the-job training,3,0,0,0,0,5.183999999999994
Nuclear technicians    * Nuclear Monitoring Technician* Radiation Protection Technician* Radiochemical Technician,"=""19-4051""",6.0,5.5,-0.5,-7.7,0.7,104240.0,Associate's degree,4,,4,Moderate-term on-the-job training,4,0,0,0,0,5.4719999999999995
Nurse anesthetists    * Certified Registered Nurse Anesthetist* Certified Registered Nurse Anesthetist (CRNA)* DNAP* Doctor of Nurse Anesthesia Practice,"=""29-1151""",53.8,58.5,4.6,8.6,2.7,223210.0,Master's degree,2,,4,,6,0,0,0,0,55.577999999999996
Nurse midwives    * Certified Nurse Midwife* Certified Nurse Midwife (CNM),"=""29-1161""",8.6,9.5,0.9,11.1,0.5,128790.0,Master's degree,2,,4,,6,0,0,0,0,9.128000000000007
Nurse practitioners    * Acute Care Nurse Practitioner* Adult Nurse Practitioner* Cardiology Nurse Practitioner* Certified Nurse Practitioner* Certified Pediatric Nurse Practitioner* Certified Registered Nurse Practitioner* Dermatology Nurse Practitioner* Electrophysiology Nurse Practitioner* Emergency Medicine Nurse Practitioner* Family Health Nurse Practitioner* Family Practice Nurse Practitioner* Gastroenterology Nurse Practitioner* Gerontological Nurse Practitioner* Internal Medicine Nurse Practitioner* NP* Neurosurgical Nurse Practitioner* Obstetrics-Gynecology Nurse Practitioner* Orthopedic Nurse Practitioner* Palliative Care Nurse Practitioner* Pediatric Nurse Practitioner* Surgical Nurse Practitioner,"=""29-1171""",320.4,448.8,128.4,40.1,29.5,129210.0,Master's degree,2,,4,,6,0,0,0,0,395.47900000000004
Nursing assistants    * C.N.A.* Certified Nurse Aide* Certified Nursing Assistant* Hospital Aide* Hospital Attendant* Nursing Aide* Nursing Attendant* Nursing Care Attendant,"=""31-1131""",1441.5,1474.0,32.6,2.3,204.1,39530.0,Postsecondary nondegree award,5,,4,,6,0,0,0,0,1479.359
"Nursing instructors and teachers, postsecondary    * Advanced Nursing Professor* Clinical Nursing Instructor* Clinical Nursing Professor* Registered Nursing Professor","=""25-1072""",91.6,106.9,15.3,16.8,8.6,79940.0,Doctoral or professional degree,1,Less than 5 years,2,,6,0,0,0,0,99.44099999999993
Occupational health and safety specialists    * Certified Industrial Hygienist* Certified Professional Ergonomist* Environmental Health Sanitarian* Health and Safety Inspector* Industrial Hygienist* Industrial Safety and Health Specialist* Occupational Safety and Health Inspector* Radiological Health Specialist,"=""19-5011""",131.9,148.4,16.5,12.5,14.9,83910.0,Bachelor's degree,3,,4,,6,0,0,0,0,144.5339999999999
Occupational health and safety technicians    * CHST* Construction Health and Safety Technician* Environmental Health Technologist* Ergonomics Technician* Occupational Health and Safety Technologist* Occupational Health and Safety Technologist (OHST),"=""19-5012""",31.9,34.6,2.7,8.5,3.4,58440.0,High school diploma or equivalent,7,,4,Moderate-term on-the-job training,4,0,0,0,0,34.905
Occupational therapists    * OT* Occupational Therapist* Registered Occupational Therapist,"=""29-1122""",160.0,182.1,22.1,13.8,10.2,98340.0,Master's degree,2,,4,,6,0,0,0,0,177.70699999999997
Occupational therapy aides    * Certified Occupational Rehabilitation Aide* OT Aide* Occupational Rehabilitation Aide* Occupational Therapist Aide* Rehabilitation Services Aide,"=""31-2012""",5.2,5.3,0.1,2.5,0.6,37370.0,High school diploma or equivalent,7,,4,Short-term on-the-job training,5,0,0,0,0,5.351000000000002
Occupational therapy assistants    * COTA* Certified Occupational Therapy Assistant* Licensed Occupational Therapy Assistant* Occupational Therapist Assistants,"=""31-2011""",49.2,58.7,9.5,19.2,7.2,68340.0,Associate's degree,4,,4,,6,0,0,0,0,55.64599999999996
"Office and administrative support workers, all other    * Braille Transcriber* Envelope Stuffer* Fingerprint Clerk* Investigation Clerk* Newspaper Inserter* Notary Public","=""43-9199""",232.9,214.8,-18.1,-7.8,21.3,46040.0,High school diploma or equivalent,7,,4,Short-term on-the-job training,5,0,0,0,0,216.98899999999986
"Office clerks, general    * Administrative Clerk* Office Assistant* Office Clerk* Real Estate Clerk","=""43-9061""",2646.0,2468.2,-177.8,-6.7,282.4,43630.0,High school diploma or equivalent,7,,4,Short-term on-the-job training,5,0,0,0,0,2539.5699999999974
"Office machine operators, except computer    * Business Machine Operator* Coin Machine Operator* Coin Rolling Machine Operator* Coin Wrapping Machine Operator* Collator Operator* Copy Center Operator* Copy Machine Operator* Duplicating Machine Operator* Scanning Equipment Operators","=""43-9071""",25.5,21.6,-3.9,-15.2,2.8,39020.0,High school diploma or equivalent,7,,4,Short-term on-the-job training,5,0,0,0,0,23.418999999999993
Operating engineers and other construction equipment operators    * Angle Dozer Operator* Blade Grader Operator* Construction Backhoe Operator* Construction Bulldozer Operator* Construction Excavator* Construction Shovel Operator* Ditching Machine Operating Engineer* Grader Operator* Motor Grader Operator* Road Grader* Scraper Operator* Steam Shovel Operating Engineer* Steam Shovel Operator,"=""47-2073""",489.3,507.1,17.8,3.6,41.9,58710.0,High school diploma or equivalent,7,,4,Moderate-term on-the-job training,4,0,0,0,0,513.1309999999993
Operations research analysts    * Operations Analyst* Procedure Analyst* Process Analyst,"=""15-2031""",112.1,136.2,24.1,21.5,9.6,91290.0,Bachelor's degree,3,,4,,6,0,0,0,0,130.4730000000001
Ophthalmic laboratory technicians    * Contact Lens Cutter* Contact Lens Technician* Eyeglass Assembler* Eyeglass Lens Cutter* Eyeglass Maker* Lens Grinder* Lens Grinder and Polisher* Lens Mounter* Precision Lens Centerer and Edger* Prescription Eyeglass Maker,"=""51-9083""",19.6,20.0,0.5,2.3,2.4,38420.0,High school diploma or equivalent,7,,4,Moderate-term on-the-job training,4,0,0,0,0,20.014999999999993
Ophthalmic medical technicians    * Ocular Care Technologist* Ophthalmic Technologist,"=""29-2057""",78.8,94.4,15.6,19.8,12.5,44080.0,Postsecondary nondegree award,5,,4,,6,0,0,0,0,89.27299999999988
"Opticians, dispensing    * Certified Optician* Contact Lens Fitter* Eyeglass Fitter* Licensed Dispensing Optician* Licensed Optical Dispenser* Licensed Optician* Optical Dispenser* Optician","=""29-2081""",79.9,82.2,2.3,2.9,6.8,46560.0,High school diploma or equivalent,7,,4,Long-term on-the-job training,3,0,0,0,0,82.90699999999994
Optometrists    * Doctor of Optometry,"=""29-1041""",47.8,51.6,3.8,8.0,2.4,134830.0,Doctoral or professional degree,1,,4,,6,0,0,0,0,50.736000000000004
Order clerks    * Catalogue Clerk* Classified Ad Clerk* Mail Order Clerk* Order Desk Clerk* Service Order Clerk* Subscription Clerk* Want Ad Clerk,"=""43-4151""",89.5,74.1,-15.4,-17.2,8.0,44660.0,"Some college, no degree",6,,4,Short-term on-the-job training,5,0,0,0,0,80.75900000000006
Orderlies    * Emergency Room Orderly* Hospital Orderly* Medical Orderly* Surgical Orderly,"=""31-1132""",54.0,55.8,1.8,3.3,7.8,37700.0,High school diploma or equivalent,7,,4,Short-term on-the-job training,5,0,0,0,0,54.85600000000005
Orthotists and prosthetists    * American Board Certified Orthotist* Artificial Limb Fitter* Certified Orthotic Fitter* Certified Prosthetist/Orthotist* Licensed Prosthetist* Orthotic/Prosthetic Practitioner* Orthotist* Pedorthist* Prosthetist,"=""29-2091""",10.1,11.5,1.3,13.3,0.9,78310.0,Master's degree,2,,4,Internship/residency,1,0,0,0,0,11.390999999999995
Outdoor power equipment and other small engine mechanics    * Chain Saw Mechanic* Edge Trimmer Mechanic* Electric Golf Cart Repairers* Electric Wheelchair Repairer* Go-Cart Mechanic* Golf Cart Mechanic* Lawn Mower Repairer* Mobility Scooter Repairer* Power Saw Mechanic* Power Wheelchair Mechanic* Snowblower Mechanic* Snowmobile Mechanic,"=""49-3053""",36.9,37.8,0.9,2.5,3.5,46560.0,High school diploma or equivalent,7,,4,Moderate-term on-the-job training,4,0,0,0,0,37.57800000000004
Packaging and filling machine operators and tenders    * Bottle Capper* Bottle Line Worker* Bottle Packer* Can Filler* Can Sealer* Keg Filler* Potato Chip Packaging Machine Operator* Tea Bag Packer,"=""51-9111""",381.2,398.2,17.0,4.5,45.3,40900.0,High school diploma or equivalent,7,,4,Moderate-term on-the-job training,4,0,0,0,0,395.35799999999995
"Packers and packagers, hand    * Bagger* Carton Wrapper* Egg Packer* Gift Wrapper* Grocery Store Bagger* Meat Packager* Meat Wrapper* Utility Bagger","=""53-7064""",591.8,559.7,-32.2,-5.4,74.0,35580.0,No formal educational credential,8,,4,Short-term on-the-job training,5,0,0,0,0,585.6109999999996
"Painters, construction and maintenance    * Bridge Painter* Facilities Painter* Highway Painter* House Painter* Industrial Painter* Parking Line Painter* Roof Painter* Traffic Line Painter","=""47-2141""",342.2,355.2,13.0,3.8,28.1,48660.0,No formal educational credential,8,,4,Moderate-term on-the-job training,4,0,0,0,0,358.5700000000003
"Painting, coating, and decorating workers    * Ceramic Painter* China Decorator* Glass Decorator* Lacquerer* Sign Painter","=""51-9123""",8.8,8.9,0.1,1.4,0.8,40860.0,No formal educational credential,8,,4,Moderate-term on-the-job training,4,0,0,0,0,8.835999999999991
"Paper goods machine setters, operators, and tenders    * Box Fabricator* Carton Making Machine Operator* Corrugated Box Machine Operator* Corrugator Machine Operator* Corrugator Operator* Envelope Machine Operator* Napkin Machine Operator* Paper Bag Machine Operator* Paper Cone Machine Tender* Paper Machine Operator","=""51-9196""",97.5,91.4,-6.1,-6.3,8.1,49390.0,High school diploma or equivalent,7,,4,Moderate-term on-the-job training,4,0,0,0,0,93.4359999999999
Paperhangers    * Billboard Poster* Wall Covering Installer* Wallpaper Hanger* Wallpaperer,"=""47-2142""",2.3,2.5,0.1,5.3,0.2,48260.0,No formal educational credential,8,,4,Long-term on-the-job training,3,0,0,0,0,2.361
Paralegals and legal assistants    * Assistant Paralegal* Legal Aide* Legal Assistant* Paralegal* Summer Associate,"=""23-2011""",376.2,376.8,0.6,0.2,39.3,61010.0,Associate's degree,4,,4,,6,0,0,0,0,381.059
Paramedics    * Ambulance Driver-Paramedic* Flight Paramedic,"=""29-2043""",101.9,107.0,5.1,5.0,4.9,58410.0,Postsecondary nondegree award,5,Less than 5 years,2,,6,0,0,0,0,106.42899999999997
Parking attendants    * Auto Parker* Car Jockey* Parking Ramp Attendant* Valet Parker* Valet Runner,"=""53-6021""",135.7,139.8,4.0,3.0,18.5,34600.0,No formal educational credential,8,,4,Short-term on-the-job training,5,0,0,0,0,139.6599999999998
Parking enforcement workers    * Meter Maid* Parking Enforcement Officer* Parking Meter Attendant,"=""33-3041""",8.4,8.2,-0.1,-1.5,0.7,47150.0,High school diploma or equivalent,7,,4,Short-term on-the-job training,5,0,0,0,0,8.591000000000001
Parts salespersons    * Appliance Parts Counter Clerk* Auto Parts Salesperson* Electronic Parts Salesperson* Parts Clerk* Parts Counter Clerk,"=""41-2022""",272.1,280.6,8.5,3.1,30.2,37440.0,No formal educational credential,8,,4,Moderate-term on-the-job training,4,0,0,0,0,282.1369999999996
Passenger attendants    * Dining Car Steward* Ship Steward* Sleeping Car Service Attendant* Train Attendant,"=""53-6061""",25.6,26.8,1.2,4.7,4.1,37560.0,High school diploma or equivalent,7,,4,Short-term on-the-job training,5,0,0,0,0,26.784000000000002
"Patternmakers, metal and plastic    * Metal Patternmaker","=""51-4062""",1.6,1.2,-0.4,-24.4,0.1,54540.0,High school diploma or equivalent,7,,4,Moderate-term on-the-job training,4,0,0,0,0,1.5229999999999995
"Patternmakers, wood    * Wood Die Maker","=""51-7032""",0.5,0.4,0.0,-5.0,0.0,52520.0,High school diploma or equivalent,7,,4,Moderate-term on-the-job training,4,0,0,0,0,0.5539999999999996
"Paving, surfacing, and tamping equipment operators    * Asphalt Paver* Asphalt Paving Machine Operator* Asphalt Roller Operator* Asphalt Tamping Machine Operator* Blacktop-Paver Operator* Paver Operator* Screed Operator","=""47-2071""",47.0,48.6,1.5,3.2,4.0,51650.0,High school diploma or equivalent,7,,4,Moderate-term on-the-job training,4,0,0,0,0,48.19699999999998
Payroll and timekeeping clerks    * Flight Crew Time Clerk* Payroll Bookkeeper* Personnel Scheduler* Time Clerk* Time and Attendance Clerk* Timekeeper,"=""43-3051""",161.1,134.2,-27.0,-16.7,13.0,55290.0,High school diploma or equivalent,7,,4,Moderate-term on-the-job training,4,0,0,0,0,141.34000000000017
"Pediatricians, general    * General Pediatrician* Internal Medicine Pediatrician* Neonatal Doctor* Neonatologist* Paediatrician* Pediatric Cardiologist* Pediatrist* Primary Care Pediatrician","=""29-1221""",46.4,46.8,0.4,0.8,1.2,210130.0,Doctoral or professional degree,1,,4,Internship/residency,1,0,0,0,0,47.34800000000003
"Personal care and service workers, all other    * Butler* Doula* House Sitter* Magnetic Healer* Shoe Shiner* Valet","=""39-9099""",94.4,100.4,6.0,6.4,16.1,37900.0,High school diploma or equivalent,7,,4,Short-term on-the-job training,5,0,0,0,0,99.5549999999999
Personal financial advisors    * Certified Financial Planner* Estate Planner* Estate Planning Counselor* Financial Counselor* Individual Pension Adviser* Individual Pension Consultant* Personal Financial Planner* Personal Investment Adviser,"=""13-2052""",326.0,357.2,31.2,9.6,24.1,102140.0,Bachelor's degree,3,,4,Long-term on-the-job training,3,0,0,0,0,354.2790000000001
"Personal service managers, all other    * Day Spa Director* Nail Salon Manager* Travel Agency Manager","=""11-9179""",25.1,26.7,1.6,6.5,2.1,61340.0,High school diploma or equivalent,7,Less than 5 years,2,,6,0,0,0,0,26.453999999999994
Pest control workers    * Exterminator* Fumigator* Insecticide Expert* Mosquito Sprayer* Pest Controller* Rat Exterminator* Rodent Exterminator* Termite Technician* Termite Treater,"=""37-2021""",102.4,107.5,5.1,4.9,13.4,44730.0,High school diploma or equivalent,7,,4,Moderate-term on-the-job training,4,0,0,0,0,106.86199999999997
"Pesticide handlers, sprayers, and applicators, vegetation    * Certified Pesticide Applicator* Fruit Sprayer* Herbicide Sprayer* Orchard Sprayer* Plant Sprayer* Weed Sprayer","=""37-3012""",29.6,30.7,1.1,3.8,4.1,45200.0,High school diploma or equivalent,7,,4,Moderate-term on-the-job training,4,0,0,0,0,30.883999999999972
Petroleum engineers    * Natural Gas Engineer* Oil Drilling Engineer* Oil Exploration Engineer* Oil Well Engineer* Petroleum Engineer,"=""17-2171""",19.6,19.8,0.2,1.3,1.2,141280.0,Bachelor's degree,3,,4,,6,0,0,0,0,19.77199999999997
"Petroleum pump system operators, refinery operators, and gaugers    * Hydrotreater Operator* Oil Gauger* Oil Pipeline Dispatcher* Oil Pipeline Operator* Oil Refiner* Petroleum Plant Operator* Petroleum Refinery Control Panel Operator* Petroleum Refinery Operator* Petroleum Refining Equipment Operator","=""51-8093""",34.9,34.0,-1.0,-2.8,3.2,97540.0,High school diploma or equivalent,7,,4,Moderate-term on-the-job training,4,0,0,0,0,34.441999999999986
Pharmacists    * Apothecary* Clinical Pharmacist* Druggist* Hospital Pharmacist* Registered Pharmacist,"=""29-1051""",335.1,350.5,15.4,4.6,14.2,137480.0,Doctoral or professional degree,1,,4,,6,0,0,0,0,354.20100000000014
Pharmacy aides    * Certified Pharmacist Assistant* Pharmacist Aide* Pharmacist Assistant* Pharmacy Assistant* Pharmacy Clerk* Prescription Clerk,"=""31-9095""",41.1,41.1,-0.1,-0.1,6.1,37000.0,High school diploma or equivalent,7,,4,Short-term on-the-job training,5,0,0,0,0,41.272999999999975
Pharmacy technicians    * CPHT* Certified Pharmacy Technician* Pharmacist Technician* Pharmacy Laboratory Technician,"=""29-2052""",490.4,521.8,31.5,6.4,49.0,43460.0,High school diploma or equivalent,7,,4,Moderate-term on-the-job training,4,0,0,0,0,511.7909999999996
"Philosophy and religion teachers, postsecondary    * Biblical Studies Professor* Divinity Professor* Eastern Philosophy Professor* Ethics Professor* Old Testament Professor* Pastoral Ministries Professor* Religious Studies Professor* Theology Professor* Western Philosophy Professor","=""25-1126""",27.3,27.5,0.2,0.7,2.0,78050.0,Doctoral or professional degree,1,,4,,6,0,0,0,0,27.644000000000002
Phlebotomists    * Certified Phlebotomy Technician* Phlebotomy Technician* Venipuncturist,"=""31-9097""",139.7,147.5,7.9,5.6,18.4,43660.0,Postsecondary nondegree award,5,,4,,6,0,0,0,0,147.84600000000003
Photographers    * Advertising Photographer* Aerial Photographer* Industrial Photographer* Marine Photographer* Medical Photographer* News Photographer* Newspaper Photojournalist* Photojournalist* Portrait Photographer* School Photographer* Wedding Photographer,"=""27-4021""",151.2,154.0,2.8,1.8,12.7,42520.0,High school diploma or equivalent,7,,4,Moderate-term on-the-job training,4,0,0,0,0,153.39100000000005
Photographic process workers and processing machine operators    * Digital Imaging Technician* Digital Photo Printer* Digital Photo Technician* Digital Retoucher* Film Developing Machine Operator* Film Printer* Film Process Operator* Film Processor* Photo Lab Specialist* Photo Lab Technician* Photo Machine Operator* Photo Print Specialist* Photo Retoucher* Print Retoucher,"=""51-9151""",11.2,10.9,-0.3,-2.6,1.5,40100.0,High school diploma or equivalent,7,,4,Short-term on-the-job training,5,0,0,0,0,11.245999999999992
"Physical scientists, all other","=""19-2099""",31.9,32.1,0.2,0.6,2.0,117960.0,Bachelor's degree,3,,4,,6,0,0,0,0,32.37999999999997
Physical therapist aides    * Clinical Rehabilitation Aide* Physical Therapy Aide* Physiotherapy Aide,"=""31-2022""",45.6,46.9,1.3,2.8,6.6,34520.0,High school diploma or equivalent,7,,4,Short-term on-the-job training,5,0,0,0,0,46.89999999999997
Physical therapist assistants    * LPTA* Licensed Physical Therapist Assistant* Physical Therapy Assistant* Physical Therapy Technician* Physiotherapy Assistant,"=""31-2021""",111.5,136.0,24.5,22.0,19.8,65510.0,Associate's degree,4,,4,,6,0,0,0,0,123.6270000000001
Physical therapists    * Cardiopulmonary Physical Therapist* Geriatric Physical Therapist* Orthopedic Physical Therapist* PT* Pediatric Physical Therapist* Physiotherapist* Pulmonary Physical Therapist* Sports Physical Therapist,"=""29-1123""",267.2,296.4,29.3,10.9,13.2,101020.0,Doctoral or professional degree,1,,4,,6,0,0,0,0,290.43500000000006
Physician assistants    * Anesthesiologist Assistant* Certified Physician's Assistant* Family Practice Physician Assistant* Orthopaedic Physician Assistant* Orthopedic Physician Assistant* Pediatric Physician Assistant* Radiology Practitioner Assistant,"=""29-1071""",162.7,195.8,33.2,20.4,12.0,133260.0,Master's degree,2,,4,,6,0,0,0,0,188.31699999999972
Physicists    * Computational Physicist* Condensed Matter Physicist* Fluid Dynamicist* Health Physicist* Mathematical Physicist* Medical Physicist* Molecular Physicist* Nuclear Physicist* Optical Scientist* Plasma Physicist* Research Physicist* Rheologist* Thermodynamic Physicist* Thermodynamicist,"=""19-2012""",24.6,25.6,1.0,4.0,1.7,166290.0,Doctoral or professional degree,1,,4,,6,0,0,0,0,25.54599999999998
"Physics teachers, postsecondary    * Aerodynamics Professor* Astrophysics Professor* Atomic Physics Professor* Ballistics Professor* Hydrodynamics Professor* Medical Physics Professor* Nuclear Physics Professor* Thermodynamics Professor","=""25-1054""",17.1,17.5,0.4,2.5,1.3,97360.0,Doctoral or professional degree,1,,4,,6,0,0,0,0,17.58000000000001
Pile driver operators    * Diesel Pile Hammer Operator* Hydraulic Pile Hammer Operator* Hydraulic Press-In Operator* Vibratory Pile Driver,"=""47-2072""",3.2,3.3,0.1,4.3,0.3,70510.0,High school diploma or equivalent,7,,4,Moderate-term on-the-job training,4,0,0,0,0,3.3720000000000017
Pipelayers    * Cast-Iron Drain Pipe Layer* Pipe Layer* Sewer Pipe Layer* Trench Pipe Layer* Water Main Pipe Layer,"=""47-2151""",34.4,32.9,-1.4,-4.1,2.4,48710.0,No formal educational credential,8,,4,Short-term on-the-job training,5,0,0,0,0,33.62299999999999
"Plant and system operators, all other    * Asphalt Plant Operator* Concrete Batch Plant Operator* Lime Filter Operator* Sand Plant Attendant","=""51-8099""",16.3,16.6,0.3,1.6,1.6,61710.0,High school diploma or equivalent,7,,4,Moderate-term on-the-job training,4,0,0,0,0,16.419999999999977
Plasterers and stucco masons    * Dry Plasterer* Journey Level Plasterer* Molding Plasterer* Ornamental Plasterer* Plasterer Apprentice* Stucco Plasterer* Stucco Worker* Swimming Pool Plasterer,"=""47-2161""",24.2,25.2,1.0,4.1,1.9,56020.0,No formal educational credential,8,,4,Long-term on-the-job training,3,0,0,0,0,25.24499999999999
"Plating machine setters, operators, and tenders, metal and plastic    * Anodizer* Chrome Plater* Chromium Plater* Copper Plater* Electro Plater* Electrogalvanizing Machine Operator* Electroplater* Galvanizer* Hard Chrome Plater* Metal Plater* Metal Spraying Machine Operator* Metalizing Machine Operator* Nickel Plater* Plating Machine Operator* Tin Plater","=""51-4193""",31.7,27.4,-4.3,-13.6,2.5,41600.0,High school diploma or equivalent,7,,4,Moderate-term on-the-job training,4,0,0,0,0,28.783000000000015
"Plumbers, pipefitters, and steamfitters    * Fire Sprinkler Installer* Gas Main Fitter* Gas Plumber* Hydraulic Plumber* Industrial Gas Fitter* Marine Pipefitter* Marine Steamfitter* Master Plumber* Pipe Fitter* Plumber* Solar Thermal Installer* Sprinkler Fitter* Steamfitter* Water Pump Installer","=""47-2152""",504.5,527.2,22.7,4.5,44.0,62970.0,High school diploma or equivalent,7,,4,Apprenticeship,2,0,0,0,0,527.7809999999995
Podiatrists    * Chiropodist* Doctor of Podiatric Medicine* Foot Doctor* Foot Orthopedist* Foot and Ankle Surgeon* Orthopedic Podiatrist* Podiatric Physician,"=""29-1081""",9.7,9.9,0.2,1.8,0.3,152800.0,Doctoral or professional degree,1,,4,Internship/residency,1,0,0,0,0,9.554999999999998
Police and sheriff's patrol officers    * Border Guard* Border Patrol Officer* Campus Police Officer* Constable* Cop* Deputy Sheriff* Highway Patrol Officer* Motorcycle Police* Mounted Police* Park Police* Patrol Officer* Policeman* Policewoman* State Highway Police Officer* State Trooper,"=""33-3051""",698.8,720.8,22.0,3.1,53.7,76290.0,High school diploma or equivalent,7,,4,Moderate-term on-the-job training,4,0,0,0,0,709.3680000000005
"Political science teachers, postsecondary    * Government Professor* International Relations Professor* Political Theory Professor* Public Policy Professor","=""25-1065""",21.8,22.2,0.4,2.0,1.6,94680.0,Doctoral or professional degree,1,,4,,6,0,0,0,0,21.991000000000003
Political scientists    * Government Affairs Researcher* Government Affairs Specialist* Local Governance and Citizen Participation Specialist* Political Consultant* Political Research Scientist* Political Researcher,"=""19-3094""",6.5,6.3,-0.2,-3.1,0.5,139380.0,Master's degree,2,,4,,6,0,0,0,0,6.398999999999998
Postal service clerks    * Bulk Mail Clerk* Bulk Mail Technician* Parcel Post Clerk* Postal Clerk* Postal Service Clerk* Postal Service Window Clerk,"=""43-5051""",74.2,71.6,-2.6,-3.5,6.1,61630.0,No formal educational credential,8,,4,Short-term on-the-job training,5,0,0,0,0,73.77700000000003
Postal service mail carriers    * City Letter Carrier* Letter Carrier* Mail Deliverer* Parcel Post Carrier* Postal Mail Carrier* Rural Mail Carrier* Rural Route Carrier* USPS Letter Carrier,"=""43-5052""",319.4,308.1,-11.3,-3.5,20.6,57490.0,No formal educational credential,8,,4,Short-term on-the-job training,5,0,0,0,0,313.5029999999997
"Postal service mail sorters, processors, and processing machine operators    * Flat Sorter Operator* Flat Sorting Machine Clerk* Mail Forwarding System Markup Clerk* Parcel Post Distribution Machine Operator* Post Office Markup Clerk* Postal Service Mail Processor* Small Package and Bundle Sorter Clerk","=""43-5053""",106.4,97.5,-8.9,-8.4,7.8,56530.0,No formal educational credential,8,,4,Short-term on-the-job training,5,0,0,0,0,100.84899999999999
Postmasters and mail superintendents    * Postal Supervisor* Postmaster,"=""11-9131""",13.1,12.7,-0.5,-3.5,0.9,92730.0,High school diploma or equivalent,7,Less than 5 years,2,Moderate-term on-the-job training,4,0,0,0,0,12.632000000000012
"Postsecondary teachers, all other    * Flight Simulator Instructor* Military Science Instructor* Packaging Professor","=""25-1199""",183.4,186.8,3.4,1.8,13.5,78490.0,Doctoral or professional degree,1,,4,,6,0,0,0,0,192.08199999999982
"Pourers and casters, metal    * Aluminum Pourer* Ingot Caster* Iron Pourer* Molten Iron Pourer* Steel Pourer* Tin Pourer* White Metal Caster","=""51-4052""",5.9,5.7,-0.3,-4.7,0.6,48940.0,High school diploma or equivalent,7,,4,Moderate-term on-the-job training,4,0,0,0,0,5.542999999999998
Power distributors and dispatchers    * Power System Dispatcher* Steam Plant Control Room Operator* Steam and Power Panel Operator* Substation Operator,"=""51-8012""",9.3,9.0,-0.3,-3.2,0.8,107240.0,High school diploma or equivalent,7,,4,Long-term on-the-job training,3,0,0,0,0,9.075999999999999
Power plant operators    * Hydroelectric Plant Operator* Power Plant Control Room Operator* Powerhouse Operator* Turbine Room Attendant,"=""51-8013""",31.6,28.0,-3.5,-11.2,2.5,99670.0,High school diploma or equivalent,7,,4,Long-term on-the-job training,3,0,0,0,0,28.87
"Precision instrument and equipment repairers, all other    * Gyroscope Repairer* Scale Adjuster* Telescope Repairer","=""49-9069""",10.8,11.0,0.2,2.0,1.0,67080.0,High school diploma or equivalent,7,,4,Long-term on-the-job training,3,0,0,0,0,11.13
Prepress technicians and workers    * Digital Proofing and Platemaker* Electronic Pre-Press Technician* Photoengraver* Plate Mounter* Pre-Press Proofer* Prepress Stripper* Type Setter,"=""51-5111""",26.2,22.3,-3.8,-14.6,2.8,47300.0,Postsecondary nondegree award,5,,4,,6,0,0,0,0,23.363999999999997
"Preschool teachers, except special education    * Early Childhood Teacher* Head Start Teacher* Home-based Preschool Teacher* Nursery School Teacher* Nursery Teacher* Pre-K Teacher* Pre-Kindergarten Teacher* Preschool Head Start Teacher* Preschool Teacher","=""25-2011""",555.1,578.1,22.9,4.1,65.5,37120.0,Associate's degree,4,,4,,6,0,0,0,0,572.9419999999997
"Pressers, textile, garment, and related materials    * Clothes Ironer* Clothes Presser* Clothing Presser* Garment Presser* Pants Presser* Shirt Presser* Silk Presser* Wool Presser","=""51-6021""",28.4,24.6,-3.8,-13.5,2.8,33880.0,No formal educational credential,8,,4,Short-term on-the-job training,5,0,0,0,0,26.02099999999998
Print binding and finishing workers    * Bindery Cutter Operator* Bindery Folder Operator* Bindery Machine Operator* Bindery Worker* Book Repairer* Bookbinder* Bookbinding Machine Operator* Case Binder Operator* Foil Stamp Operator* Perfect Binder Operator* Saddle Stitch Operator* Saddle Stitcher Operator* Spiral Binder Operator,"=""51-5113""",35.8,30.0,-5.8,-16.1,2.8,39820.0,High school diploma or equivalent,7,,4,Moderate-term on-the-job training,4,0,0,0,0,30.10100000000001
Printing press operators    * Digital Press Operator* Flexographic Press Operator* Gravure Press Operator* Lithograph Press Operator* Lithographing Machine Operator* Offset Lithographic Press Setter and Set-Up Operator* Offset Press Operator* Printing Machine Operator* Screen Printing Machine Operator* Screen Printing Press Operator* Silk Screen Operator* Silk Screen Printer* Web Offset Press Feeder* Web Press Operator,"=""51-5112""",150.2,138.0,-12.2,-8.1,13.7,45160.0,High school diploma or equivalent,7,,4,Moderate-term on-the-job training,4,0,0,0,0,141.895
Private detectives and investigators    * Certified Legal Investigator* Licensed Private Investigator* Loss Prevention Detective* Private Detective* Private Eye* Private Investigator* Skip Tracer* Store Detective,"=""33-9021""",43.6,46.2,2.6,6.0,3.9,52370.0,High school diploma or equivalent,7,Less than 5 years,2,Moderate-term on-the-job training,4,0,0,0,0,45.86299999999996
Probation officers and correctional treatment specialists    * Correctional Treatment Specialist* Juvenile Probation Officer* Parole Agent* Parole Officer* Probation Officer,"=""21-1092""",92.3,94.8,2.4,2.6,7.9,64520.0,Bachelor's degree,3,,4,Moderate-term on-the-job training,4,0,0,0,0,94.26999999999991
Procurement clerks    * Procurement Assistant* Purchasing Assistant* Purchasing Clerk,"=""43-3061""",61.9,56.6,-5.4,-8.7,4.6,48510.0,High school diploma or equivalent,7,,4,Moderate-term on-the-job training,4,0,0,0,0,58.108999999999995
Producers and directors    * Broadcast Producer* Casting Director* Film Maker* Independent Film Maker* Independent Video Producer* Motion Picture Director* Movie Producer* Music Video Director* Music Video Producer* News Production Supervisor* Newscast Director* Newscast Producer* On-Air Director* Pageant Director* Radio Producer* Radio and Television Technical Director* Stage Manager* Television News Producer* Television Newscast Director* Television Producer* Television Program Director* Theater Company Producer* Video Producer,"=""27-2012""",167.0,175.2,8.3,4.9,12.8,83480.0,Bachelor's degree,3,Less than 5 years,2,,6,0,0,0,0,176.38300000000007
"Production workers, all other","=""51-9199""",292.8,294.3,1.5,0.5,31.6,38820.0,High school diploma or equivalent,7,,4,Moderate-term on-the-job training,4,0,0,0,0,297.63399999999956
"Production, planning, and expediting clerks    * Expeditor* Material Control Clerk* Material Expediter* Mill Recorder* Production Control Clerk* Production Control Coordinating Clerk* Production Control Coordinator* Production Scheduler* Work Ticket Distributor","=""43-5061""",388.8,381.7,-7.1,-1.8,34.1,57770.0,High school diploma or equivalent,7,,4,Moderate-term on-the-job training,4,0,0,0,0,382.402
Project management specialists    * Design Project Management Specialists* Movie Project Management Specialists,"=""13-1082""",1046.3,1105.0,58.7,5.6,78.2,100750.0,Bachelor's degree,3,,4,,6,0,0,0,0,1091.1130000000003
Proofreaders and copy markers    * Braille Proofreader* Clerical Proofreader* Copy Reader* Editorial Assistant* Format Proofreader* Proofreader,"=""43-9081""",12.0,11.9,-0.1,-0.6,1.9,49210.0,Bachelor's degree,3,,4,,6,0,0,0,0,11.981
Property appraisers and assessors,"=""13-2020""",77.3,80.2,2.9,3.8,6.3,65420.0,Bachelor's degree,3,,4,Long-term on-the-job training,3,0,0,0,0,81.21499999999993
"Property, real estate, and community association managers    * Apartment Manager* Building Rental Manager* Community Association Manager* Condominium Association Manager* Homeowner Association Manager* Land Acquisition Manager* Leasing Property Manager* Property Manager* Real Estate Manager","=""11-9141""",466.1,483.1,17.0,3.6,39.0,66700.0,High school diploma or equivalent,7,Less than 5 years,2,Short-term on-the-job training,5,0,0,0,0,492.1079999999997
"Protective service workers, all other    * Warrant Server","=""33-9099""",84.0,86.1,2.1,2.5,23.3,41600.0,High school diploma or equivalent,7,,4,Short-term on-the-job training,5,0,0,0,0,86.12300000000006
Psychiatric aides    * Mental Health Orderly* Psychiatric Nursing Aide* Psychiatric Orderly* Psychiatric Technician Assistant,"=""31-1133""",38.5,38.3,-0.1,-0.4,5.3,41590.0,High school diploma or equivalent,7,,4,Short-term on-the-job training,5,0,0,0,0,37.15000000000002
Psychiatric technicians    * Behavioral Health Technician* Mental Health Technician,"=""29-2053""",144.5,173.3,28.9,20.0,15.9,42590.0,Postsecondary nondegree award,5,Less than 5 years,2,Short-term on-the-job training,5,0,0,0,0,168.06999999999982
"Psychologists, all other    * Developmental Psychologist* Experimental Psychologist* Forensic Psychologist* Neuropsychologist* Psychotherapist* Rehabilitation Psychologist* Social Psychologist* Sports Psychologist","=""19-3039""",55.3,57.7,2.4,4.3,3.9,117580.0,Master's degree,2,,4,Internship/residency,1,0,0,0,0,57.09199999999994
"Psychology teachers, postsecondary    * Applied Psychology Professor* Child Development Professor* Clinical Psychology Professor* Educational Psychology Professor* Human Relations Professor* Industrial Psychology Professor* Industrial/Organizational Psychology Professor* Psychology Professor","=""25-1066""",52.5,54.4,1.9,3.6,4.0,80330.0,Doctoral or professional degree,1,,4,,6,0,0,0,0,53.85699999999999
Public relations managers    * Communication Manager* Public Affairs Director* Public Information Director* Public Information Relations Manager* Public Relations Director* Public Relations Manager* Publicity Director,"=""11-2032""",83.2,87.3,4.1,5.0,6.6,138520.0,Bachelor's degree,3,5 years or more,1,,6,0,0,0,0,87.20300000000005
Public relations specialists    * Environmental Communications Specialist* Lobbyist* Media Relations Specialist* Press Agent* Press Secretary* Public Affairs Officer* Public Relations Counselor* Public Relations Officer* Public Relations Representative* Publicist* Publicity Agent* Publicity Writer,"=""27-3031""",315.9,331.0,15.0,4.8,27.6,69780.0,Bachelor's degree,3,,4,,6,0,0,0,0,326.829
Public safety telecommunicators    * 911 Dispatcher* 911 Operator* Ambulance Dispatcher* Emergency Communications Dispatcher* Emergency Communications Operator* Emergency Operator* Emergency Telecommunications Dispatcher* Fire Dispatcher* Police Dispatcher* Police Radio Dispatcher* Public Safety Dispatcher* Public Safety Telecommunicator,"=""43-5031""",105.2,108.9,3.6,3.5,10.7,50730.0,High school diploma or equivalent,7,,4,Moderate-term on-the-job training,4,0,0,0,0,106.76799999999989
"Pump operators, except wellhead pumpers    * Acid Pump Operator* Brewery Pumper* Concrete Pump Operator* Fluid Pump Operator","=""53-7072""",13.1,13.5,0.3,2.6,1.5,60020.0,High school diploma or equivalent,7,,4,Moderate-term on-the-job training,4,0,0,0,0,13.387
Purchasing managers    * Contract Administrator* Contracting Manager* Director of Strategic Sourcing* Procurement Manager* Purchasing Director* Sourcing Manager,"=""11-3061""",83.5,86.1,2.6,3.1,6.4,139510.0,Bachelor's degree,3,5 years or more,1,,6,0,0,0,0,86.23200000000001
Radiation therapists    * Radiation Therapy Technologist* Registered Radiation Therapist,"=""29-1124""",19.2,19.6,0.4,1.9,0.9,101990.0,Associate's degree,4,,4,,6,0,0,0,0,19.579999999999973
"Radio, cellular, and tower equipment installers and repairers    * Radio Frequency Technician* Radio Mechanic* Radio Repairer* Two-Way Radio Technician","=""49-2021""",11.7,12.7,1.0,8.6,1.2,64190.0,Associate's degree,4,,4,Moderate-term on-the-job training,4,0,0,0,0,12.418000000000012
Radiologic technologists and technicians    * Computed Axial Tomography Technologist* Computed Tomography (CT) Scanner Operator* Radiologic Technician* Registered Radiologic Technologist* Skiagrapher* X-Ray Technician,"=""29-2034""",228.0,237.8,9.8,4.3,12.9,77660.0,Associate's degree,4,,4,,6,0,0,0,0,228.33699999999968
Rail car repairers    * Freight Car Repairer* Mine Car Mechanic* Rail Car Maintenance Mechanic* Rail Car Mechanic* Streetcar Repairer* Subway Car Repairer* Tank Car Reconditioner* Trolley Car Mechanic* Trolley Car Overhauler,"=""49-3043""",17.9,18.4,0.5,2.8,1.5,65680.0,High school diploma or equivalent,7,,4,Long-term on-the-job training,3,0,0,0,0,18.153000000000027
"Rail transportation workers, all other    * Railway Equipment Operator* Retarder Operator* Transfer Table Operator","=""53-4099""",1.6,1.6,0.1,3.9,0.2,49330.0,High school diploma or equivalent,7,,4,Moderate-term on-the-job training,4,0,0,0,0,1.722999999999998
"Rail yard engineers, dinkey operators, and hostlers    * Coal Tram Driver* Dinkey Driver* Dinkey Operator* Engine Hostler* Haulage Engine Operator* Railcar Switcher* Yard Hostler","=""53-4013""",3.1,3.1,0.0,0.3,0.2,58030.0,High school diploma or equivalent,7,,4,Moderate-term on-the-job training,4,0,0,0,0,3.1799999999999993
Rail-track laying and maintenance equipment operators    * Ballast Cleaning Machine Operator* Rail Maintenance Worker* Railroad Track Mechanic* Track Layer* Track Machine Operator* Track Maintainer* Track Moving Machine Operator* Track Repair Worker* Track Repairer* Track Service Worker* Track Surfacing Machine Operator* Trackwalker,"=""47-4061""",15.0,15.3,0.2,1.6,1.1,67370.0,High school diploma or equivalent,7,,4,Moderate-term on-the-job training,4,0,0,0,0,15.186999999999994
"Railroad brake, signal, and switch operators and locomotive firers    * Diesel Locomotive Firer* Dinkey Engine Firer* Freight Brake Operator* Locomotive Switch Operator* Railroad Brake Operator* Railroad Firer* Railway Switch Operator* Switch Coupler* Train Brake Operator","=""53-4022""",11.0,11.1,0.1,1.0,1.0,65480.0,High school diploma or equivalent,7,,4,Moderate-term on-the-job training,4,0,0,0,0,11.192
Railroad conductors and yardmasters    * Freight Conductor* Passenger Car Conductor* Train Conductor* Yard Conductor,"=""53-4031""",36.8,37.2,0.4,1.1,3.1,74080.0,High school diploma or equivalent,7,,4,Moderate-term on-the-job training,4,0,0,0,0,37.43400000000003
Real estate brokers    * Licensed Real Estate Broker,"=""41-9021""",111.3,115.0,3.7,3.3,9.7,72280.0,High school diploma or equivalent,7,Less than 5 years,2,,6,0,0,0,0,117.57300000000006
Real estate sales agents    * Agricultural Real Estate Agent* Apartment Rental Agent* Industrial Real Estate Agent* Land Sales Agent* Right of Way Agent,"=""41-9022""",420.9,433.7,12.8,3.1,36.6,56320.0,High school diploma or equivalent,7,,4,Moderate-term on-the-job training,4,0,0,0,0,434.7999999999998
Receptionists and information clerks    * Appointment Clerk* Dental Receptionist* Front Desk Receptionist* Land Leasing Information Clerk,"=""43-4171""",1007.2,1007.6,0.3,0.0,128.5,37230.0,High school diploma or equivalent,7,,4,Short-term on-the-job training,5,0,0,0,0,1015.5090000000008
"Recreation and fitness studies teachers, postsecondary    * Health and Physical Education Professor* Human Performance Professor* Kinesiology Professor* Leisure Studies Professor* Physical Education (PE) Professor* Physical Education Professor* Swimming Professor","=""25-1193""",15.4,15.7,0.4,2.4,1.1,75890.0,Doctoral or professional degree,1,,4,,6,0,0,0,0,15.660000000000018
Recreation workers    * Camp Counselor* Recreation Assistant* Recreational Activities Aide* Recreational Activities Assistant* Recreational Aide,"=""39-9032""",327.7,341.1,13.4,4.1,68.1,35380.0,High school diploma or equivalent,7,,4,Short-term on-the-job training,5,0,0,0,0,351.93699999999984
Recreational therapists    * CTRS* Certified Recreational Therapist* Certified Therapeutic Recreation Specialist* Drama Therapist* Therapeutic Recreation Specialist,"=""29-1125""",16.1,16.6,0.5,3.3,1.3,60280.0,Bachelor's degree,3,,4,,6,0,0,0,0,16.382999999999992
Recreational vehicle service technicians    * Master Certified RV Technician* Mobile Service Recreational Vehicle Technician* RV Mechanic* RV Servicer* RVDA Master Certified RV Technician* Recreational Vehicle (RV) Repairer* Recreational Vehicle Mechanic,"=""49-3092""",19.5,21.7,2.2,11.5,2.8,50540.0,High school diploma or equivalent,7,,4,Long-term on-the-job training,3,0,0,0,0,21.317000000000018
"Refractory materials repairers, except brickmasons    * Bondactor Machine Operator* Cupola Repairer* Kiln Door Builder* Ladle Repairer* Refractory Repairer","=""49-9045""",1.1,0.9,-0.2,-16.9,0.1,58540.0,High school diploma or equivalent,7,,4,Moderate-term on-the-job training,4,0,0,0,0,0.965000000000001
Refuse and recyclable material collectors    * Garbage Collector* Recyclable Materials Collector* Refuse Collector* Scrap Metal Collector* Solid Waste Collector* Trash Collector,"=""53-7081""",147.9,149.2,1.3,0.9,16.9,48350.0,No formal educational credential,8,,4,Short-term on-the-job training,5,0,0,0,0,149.69700000000014
Registered nurses    * CCU Nurse* CNS* Clinical Nurse Specialist* Community Health Nurse* Coronary Care Unit Nurse* Emergency Room RN* Endoscopy Registered Nurse* Hospice Registered Nurse* Obstetrical Nurse* Oncology Registered Nurse* PACU Nurse* Pediatric Registered Nurse* Post-Anesthesia Care Unit Nurse* Psychiatric Nurse* RN* Triage Registered Nurse,"=""29-1141""",3391.0,3557.1,166.1,4.9,189.1,93600.0,Bachelor's degree,3,,4,,6,0,0,0,0,3236.6969999999988
Rehabilitation counselors    * Certified Rehabilitation Counselor* Coordinator of Rehabilitation Services* Psychosocial Rehabilitation Counselor* Veterans Rehabilitation Counselor* Vocational Rehabilitation Counselor* Vocational Rehabilitation Job Coach,"=""21-1015""",91.9,93.2,1.3,1.4,10.0,46110.0,Master's degree,2,,4,,6,0,0,0,0,93.61099999999995
Reinforcing iron and rebar workers    * Post Tensioning Ironworker* Rebar Worker* Reinforcing Steel Worker* Rod Buster* Steel Rod Buster* Steel Tier,"=""47-2171""",19.4,20.3,0.9,4.6,1.5,59280.0,High school diploma or equivalent,7,,4,Apprenticeship,2,0,0,0,0,20.252999999999993
"Religious workers, all other    * Buddhist Monk* Christian Science Nurse* Missionary* Mohel* Nun* Pastoral Worker* Prior* Sacristan* Sunday School Missionary* Traveling Missionary* Verger","=""21-2099""",88.4,89.0,0.6,0.6,11.1,45120.0,Bachelor's degree,3,,4,,6,0,0,0,0,88.929
Reservation and transportation ticket agents and travel clerks    * Airline Reservation Agent* Airline Reservationist* Airline Ticket Agent* Gate Agent* Hotel Reservationist* Passenger Agent* Passenger Booking Clerk* Reservation Agent* Reservation Sales Agent* Train Clerk* Train Reservation Clerk* Transportation Clerk* Travel Clerk,"=""43-4181""",131.9,135.6,3.7,2.8,14.4,41460.0,High school diploma or equivalent,7,,4,Short-term on-the-job training,5,0,0,0,0,134.54699999999988
Residential advisors    * Dormitory Counselor* House Parent* Residence Director* Residence Life Coordinator* Residential Director* Residential Life Director* Sorority Mother,"=""39-9041""",91.2,94.7,3.5,3.8,17.4,39180.0,High school diploma or equivalent,7,,4,Short-term on-the-job training,5,0,0,0,0,95.72899999999993
Respiratory therapists    * CRT* Certified Respiratory Therapist* Inhalation Therapist* Oxygen Therapist* RRT* Registered Respiratory Therapist* Respiratory Therapist,"=""29-1126""",139.6,156.4,16.8,12.1,8.8,80450.0,Associate's degree,4,,4,,6,0,0,0,0,154.2499999999999
Retail salespersons    * Automotive Salesperson* Department Store Salesperson* Menswear Salesperson* New Car Salesperson* Pet Supplies Salesperson* Pets Salesperson* Shoe Salesperson* Used Car Salesperson* Women's Apparel Salesperson,"=""41-2031""",3936.7,3917.1,-19.6,-0.5,555.8,34580.0,No formal educational credential,8,,4,Short-term on-the-job training,5,0,0,0,0,3714.8799999999965
Riggers    * Acrobatic Rigger* Boat Rigger* Crane Rigger* Fly Rail Operator* Gantry Rigger* High Rigger* Marine Rigger* Parachute Rigger* Ship Rigger* Theatrical Rigger* Wire Rigger* Yacht Rigger* Yard Rigger,"=""49-9096""",24.6,25.4,0.8,3.2,2.5,62060.0,High school diploma or equivalent,7,,4,Moderate-term on-the-job training,4,0,0,0,0,25.71899999999999
"Rock splitters, quarry    * Quarry Chop Saw Operator* Quarry Plug and Feather Driller* Sandstone Splitter","=""47-5051""",3.2,3.4,0.1,4.4,0.4,47460.0,No formal educational credential,8,,4,Short-term on-the-job training,5,0,0,0,0,3.389
"Rolling machine setters, operators, and tenders, metal and plastic    * Brass Roller* Forming Roll Operator* Metal Sheet Roller Operator* Pipe Straightener* Plastic Straightening Roll Operator* Steel Roller","=""51-4023""",22.5,20.6,-1.9,-8.3,1.9,48630.0,High school diploma or equivalent,7,,4,Moderate-term on-the-job training,4,0,0,0,0,20.60799999999998
"Roof bolters, mining    * Roof Bolter Operator* Roof Bolting Coal Miner* Underground Bolting Machine Operator* Underground Roof Bolter","=""47-5043""",2.3,1.5,-0.8,-34.2,0.1,76640.0,High school diploma or equivalent,7,,4,Moderate-term on-the-job training,4,0,0,0,0,1.7250000000000008
Roofers    * Composition Roofer* Hot Tar Roofer* Industrial Roofer* Metal Roofing Mechanic* Residential Roofer* Sheet Metal Roofer* Shingles Roofer* Slate Roofer* Terra Cotta Roofer,"=""47-2181""",166.7,176.5,9.8,5.9,12.7,50970.0,No formal educational credential,8,,4,Moderate-term on-the-job training,4,0,0,0,0,178.9830000000001
"Rotary drill operators, oil and gas    * Drilling Rig Operator* Fracturing Rotary Drill Operator* Natural Gas Shothole Driller* Oil Driller* Oil Rig Driller* Oil Well Cable Tool Driller* Oil Well Cable Tool Operator* Oil Well Driller* Prospecting Driller","=""47-5012""",13.3,13.4,0.0,0.2,1.2,65010.0,No formal educational credential,8,Less than 5 years,2,Moderate-term on-the-job training,4,0,0,0,0,13.751
"Roustabouts, oil and gas    * Gas Floorhand* Oil Field Roustabout* Oil Rig Floorhand* Oil Rig Roughneck* Oil and Gas Floorhand* Roustabout* Roustabout Pusher","=""47-5071""",46.0,47.1,1.1,2.5,4.3,47510.0,No formal educational credential,8,,4,Moderate-term on-the-job training,4,0,0,0,0,47.01999999999999
Sailors and marine oilers    * Able Seaman* Deck Cadet* Deck Hand* Deckhand* Merchant Mariner* Merchant Seaman* Ordinary Seaman* Sailor* Vessel Ordinary Seaman,"=""53-5011""",32.1,32.8,0.7,2.3,3.9,49610.0,No formal educational credential,8,,4,Moderate-term on-the-job training,4,0,0,0,0,33.06200000000004
"Sales and related workers, all other    * Auctioneer* Blood Donor Recruiter* Leaflet Distributor* Livestock Auctioneer* Pawn Shop Clerk* Personal Shopper* Store Gift Wrap Associate","=""41-9099""",122.6,127.1,4.5,3.7,16.0,46370.0,High school diploma or equivalent,7,,4,,6,0,0,0,0,126.32800000000006
Sales engineers    * Aerospace Products Sales Engineer* Missile Navigation Systems Sales Engineer* Nuclear Equipment Sales Engineer,"=""41-9031""",56.8,59.9,3.1,5.5,5.0,121520.0,Bachelor's degree,3,,4,Moderate-term on-the-job training,4,0,0,0,0,59.863000000000014
Sales managers    * District Sales Manager* E-Commerce Director* Export Manager* Regional Sales Manager* Sales Account Manager* Sales Director* Territory Sales Manager,"=""11-2022""",619.5,648.5,29.0,4.7,49.0,138060.0,Bachelor's degree,3,Less than 5 years,2,,6,0,0,0,0,650.553
"Sales representatives of services, except advertising, insurance, financial services, and travel    * Automobile Club Membership Sales Agent* Bookkeeping Service Sales Agent* Business Services Sales Representative* Membership Solicitor* Pest Control Service Sales Agent","=""41-3091""",1226.7,1264.7,37.9,3.1,123.0,66260.0,High school diploma or equivalent,7,,4,Moderate-term on-the-job training,4,0,0,0,0,1266.0789999999988
"Sales representatives, wholesale and manufacturing, except technical and scientific products    * Bottling Equipment Sales Representative* Freight Broker* Hotel Supplies Salesperson* Mortician Supplies Sales Representative* Pulpwood Dealer* Wholesale Diamond Broker","=""41-4012""",1310.5,1314.9,4.4,0.3,114.8,66780.0,High school diploma or equivalent,7,,4,Moderate-term on-the-job training,4,0,0,0,0,1330.5529999999992
"Sales representatives, wholesale and manufacturing, technical and scientific products    * Chemical Sales Representative* Electroplating Sales Representative* Engineering Supplies Sales* Pharmaceutical Detailer* Pharmaceutical Sales Representative* Pharmaceutical Salesperson* Surgical Instruments Sales Representative* Wholesale Ultrasonic Equipment Salesperson","=""41-4011""",303.2,308.9,5.7,1.9,27.2,100070.0,Bachelor's degree,3,,4,Moderate-term on-the-job training,4,0,0,0,0,310.37000000000023
"Sawing machine setters, operators, and tenders, wood    * Backup Sawyer* Band Scroll Saw Operator* Bandmill Operator* Buzzsaw Operator* Chop Saw Operator* Circle Saw Operator* Curve Saw Operator* Cut Off Saw Operator* Hardwood Sawyer* Headrig Sawyer* Panel Saw Operator* Rip Saw Operator* Stave Saw Operator* Trim Saw Operator","=""51-7041""",45.0,44.7,-0.3,-0.6,4.8,39950.0,High school diploma or equivalent,7,,4,Moderate-term on-the-job training,4,0,0,0,0,45.12999999999995
School bus monitors    * Bus Monitor* School Bus Attendant,"=""33-9094""",71.4,69.5,-2.0,-2.7,12.6,34980.0,High school diploma or equivalent,7,,4,Short-term on-the-job training,5,0,0,0,0,71.105
School psychologists    * Educational Psychologists,"=""19-3034""",67.2,67.7,0.5,0.7,3.8,86930.0,Master's degree,2,,4,Internship/residency,1,0,0,0,0,67.81099999999994
"Secondary school teachers, except special and career/technical education    * High School Algebra Teacher* High School Biology Teacher* High School English Teacher* High School French Teacher* High School History Teacher* High School Math Teacher* High School Teacher","=""25-2031""",1094.5,1076.7,-17.8,-1.6,66.2,64580.0,Bachelor's degree,3,,4,,6,0,0,0,0,1090.5199999999993
"Secretaries and administrative assistants, except legal, medical, and executive    * Alumni Secretary* Office Secretary* Personal Secretary* Real Estate Administrative Assistant","=""43-6014""",1944.0,1913.2,-30.8,-1.6,202.8,46290.0,High school diploma or equivalent,7,,4,Short-term on-the-job training,5,0,0,0,0,1943.6930000000011
"Securities, commodities, and financial services sales agents    * Commodities Broker* Commodity Trader* Equity Trader* Foreign Exchange Trader* Investment Banker* Municipal Bond Trader* Mutual Fund Sales Agent* Securities Trader* Stock Broker* Stock Trader","=""41-3031""",514.5,531.6,17.1,3.3,38.1,78140.0,Bachelor's degree,3,,4,Moderate-term on-the-job training,4,0,0,0,0,540.8509999999993
Security and fire alarm systems installers    * Alarm Adjuster* Alarm Technician* Burglar Alarm Installer* Fire Alarm Installer* Fire Alarm Technician* Home Security Alarm Installer,"=""49-2098""",85.9,94.9,8.9,10.4,9.4,59300.0,High school diploma or equivalent,7,,4,Moderate-term on-the-job training,4,0,0,0,0,93.50699999999986
Security guards    * Armed Guard* Bank Guard* Bodyguard* Bouncer* Private Watchman* Security Officer,"=""33-9032""",1262.1,1267.1,5.1,0.4,161.0,38370.0,High school diploma or equivalent,7,,4,Short-term on-the-job training,5,0,0,0,0,1270.0290000000007
Self-enrichment teachers    * Citizenship Teacher* Driver Education Instructor* Knitting Instructor* Recreational Activities Instructor,"=""25-3021""",417.5,433.0,15.5,3.7,51.4,45590.0,High school diploma or equivalent,7,Less than 5 years,2,,6,0,0,0,0,433.12999999999994
Semiconductor processing technicians    * Electronic Semiconductor Processor* Semiconductor Assembler* Wafer Fabricator,"=""51-9141""",31.9,35.4,3.5,10.9,3.9,51180.0,High school diploma or equivalent,7,,4,Moderate-term on-the-job training,4,0,0,0,0,35.16900000000004
"Separating, filtering, clarifying, precipitating, and still machine setters, operators, and tenders    * Brewmaster* Fermentation Operator* Fermenter* Linseed Oil Temperer* Milk Pasteurizer* Milk Processor* Molasses Preparer* Pasteurizer* Winemaker","=""51-9012""",54.4,52.0,-2.3,-4.3,5.4,49500.0,High school diploma or equivalent,7,,4,Moderate-term on-the-job training,4,0,0,0,0,51.896000000000015
Septic tank servicers and sewer pipe cleaners    * Electric Sewer Cleaning Machine Operator* Septic Pump Truck Driver* Septic Tank Cleaner* Sewage Screen Operator* Sewer Cleaner* Sewer Pipe Cleaner* Sewer and Drain Technician,"=""47-4071""",30.4,32.7,2.3,7.6,2.9,49140.0,High school diploma or equivalent,7,,4,Moderate-term on-the-job training,4,0,0,0,0,32.48799999999997
"Service unit operators, oil and gas    * Oil Well Fishing-Tool Technician* Well Service Pump Equipment Operator* Well Service Rig Operator* Well Services Operator* Well Servicing Rig Operator","=""47-5013""",45.2,45.4,0.2,0.4,4.1,57980.0,No formal educational credential,8,Less than 5 years,2,Moderate-term on-the-job training,4,0,0,0,0,45.544
Set and exhibit designers    * Scenic Designer* Set Decorator* Set Designer* Stage Scenery Designer* Theater Set Production Designer,"=""27-1027""",31.3,32.0,0.7,2.3,2.5,66280.0,Bachelor's degree,3,,4,,6,0,0,0,0,31.15599999999999
"Sewers, hand    * Hand Quilter* Hand Sewer* Hand Stitcher* Hand Weaver","=""51-6051""",5.4,5.0,-0.4,-7.0,0.7,33760.0,No formal educational credential,8,,4,Moderate-term on-the-job training,4,0,0,0,0,5.164000000000001
Sewing machine operators    * Blind Stitch Machine Operator* Button Sewing Machine Operator* Carpet Sewing Machine Operator* Custom T-Shirt Embroidery Machine Operator* Embroidery Machine Operator* Hemming and Tacking Machine Operator* Ultrasonic Seaming Machine Operator,"=""51-6031""",124.0,110.7,-13.3,-10.8,13.0,36000.0,No formal educational credential,8,,4,Short-term on-the-job training,5,0,0,0,0,115.78100000000006
Shampooers    * Scalp Treatment Specialist* Shampoo Assistant* Shampoo Technician,"=""39-5093""",18.5,19.6,1.0,5.5,2.7,31470.0,No formal educational credential,8,,4,Short-term on-the-job training,5,0,0,0,0,19.27500000000003
"Sheet metal workers    * Air Conditioning Sheet Metal Installer* Heating, Ventilation, and Air Conditioning (HVAC) Sheet Metal Installer* Sheet Metal Duct Installer* Sheet Metal Fabricator* Sheet Metal Former* Sheet Metal Installer* Sheet Metal Layout Mechanic* Sheet Metal Layout Worker* Tinsmith","=""47-2211""",127.0,130.1,3.1,2.4,10.6,60850.0,High school diploma or equivalent,7,,4,Apprenticeship,2,0,0,0,0,128.89700000000008
Ship engineers    * Barge Engineer* Ferry Engineer* Towboat Engineer* Tug Boat Engineer* Tugboat Engineer,"=""53-5031""",8.8,9.0,0.1,1.6,1.1,101320.0,Postsecondary nondegree award,5,Less than 5 years,2,,6,0,0,0,0,9.027
"Shipping, receiving, and inventory clerks    * Freight Clerk* Incoming Freight Clerk* Inventory Control Clerk* Inventory Taker* Receiving Clerk* Reconsignment Clerk* Route Delivery Clerk* Shipping Order Clerk* Shipping and Receiving Clerk* Stockroom Attendant* Stockroom Clerk* Store Receiving Clerk* Supply Clerk* Supply Room Clerk* Tool Crib Attendant* Warehouse Clerk","=""43-5071""",862.2,795.8,-66.3,-7.7,69.3,43190.0,High school diploma or equivalent,7,,4,Short-term on-the-job training,5,0,0,0,0,838.0410000000005
Shoe and leather workers and repairers    * Cobbler* Leather Lacer* Leather Worker* Luggage Repairer* Saddle Maker* Saddle and Harness Maker* Shoe Maker* Shoe Repairer* Shoemaker,"=""51-6041""",9.5,9.1,-0.4,-3.8,0.9,35950.0,High school diploma or equivalent,7,,4,Moderate-term on-the-job training,4,0,0,0,0,9.050000000000006
Shoe machine operators and tenders    * Arch Cushion Press Operator* Insole Beveler* Lacing Operator* Lasting Machine Operator* Pump Stitcher* Rasper Machine Operator* Shoe Cementer* Shoe Sewing Machine Operator and Tender* Sole Trimmer,"=""51-6042""",4.1,3.9,-0.2,-3.7,0.4,38160.0,High school diploma or equivalent,7,,4,Short-term on-the-job training,5,0,0,0,0,3.742999999999997
Shuttle drivers and chauffeurs    * Airport Apron Bus Driver* Airport Shuttle Driver* Airside Transfer Bus Driver* Courtesy Car Driver* Courtesy Van Driver* Funeral Car Driver* Hearse Driver* Hotel Shuttle Driver* Nonemergency Medical Transporter,"=""53-3053""",243.9,260.3,16.4,6.7,36.3,36670.0,No formal educational credential,8,,4,Short-term on-the-job training,5,0,0,0,0,265.31499999999977
Signal and track switch repairers    * Electric Track Switch Maintainer* Light Rail Signal Technician* Rail Signal Mechanic* Railway Signal Technician* Third Rail Installer* Train Control Electronic Technician* Train Control Technician,"=""49-9097""",8.7,8.8,0.1,1.7,0.8,83600.0,High school diploma or equivalent,7,,4,Moderate-term on-the-job training,4,0,0,0,0,8.918999999999993
Skincare specialists    * Electrolysis Needle Operator* Electrolysis Operator* Electrolysist* Esthetician* Facialist* Licensed Esthetician* Medical Esthetician* Skin Care Technician,"=""39-5094""",97.4,103.9,6.6,6.7,14.5,41560.0,Postsecondary nondegree award,5,,4,,6,0,0,0,0,102.37999999999987
Slaughterers and meat packers    * Beef Splitter* Cattle Killer* Halal Meat Packer* Hog Slaughterer* Meat Packer* Meat Processor* Poultry Slaughterer* Shochet* Slaughterer,"=""51-3023""",69.6,71.2,1.5,2.2,8.4,39790.0,No formal educational credential,8,,4,Short-term on-the-job training,5,0,0,0,0,72.10799999999996
Social and community service managers    * Child Welfare Director* Community Service Director* Community Service Organization Director* Family Service Center Director* Neighborhood Service Center Director* Social Service Director* Social Services Director* Youth Program Director,"=""11-9151""",219.8,233.9,14.1,6.4,18.6,78240.0,Bachelor's degree,3,Less than 5 years,2,,6,0,0,0,0,225.88499999999982
Social and human service assistants    * Addictions Counselor Assistant* Case Work Aide* Clinical Social Work Aide* Family Service Assistant* Human Services Worker* Social Work Assistant,"=""21-1093""",449.6,478.5,28.9,6.4,50.6,45120.0,High school diploma or equivalent,7,,4,Short-term on-the-job training,5,0,0,0,0,482.18999999999994
Social science research assistants    * City Planning Aide* Economic Research Assistant* Economist Research Assistant* Historian Research Assistant* Political Science Research Assistant* Psychologist Research Assistant* Sociology Research Assistant,"=""19-4061""",40.6,42.3,1.8,4.4,5.2,58040.0,Bachelor's degree,3,,4,,6,0,0,0,0,42.725000000000044
"Social sciences teachers, postsecondary, all other    * Social Science Professor* Survey Research Professor* Urban Planning Professor","=""25-1069""",20.7,21.1,0.4,1.7,1.5,75040.0,Doctoral or professional degree,1,,4,,6,0,0,0,0,21.09699999999997
"Social scientists and related workers, all other    * Behavioral Scientist* Demographer* Ethnologist* Etymologist* Linguist* Philologist* Social Scientist","=""19-3099""",40.8,40.1,-0.7,-1.7,3.2,100340.0,Bachelor's degree,3,,4,,6,0,0,0,0,41.21800000000003
"Social work teachers, postsecondary    * Family Welfare Social Work Professor* Geriatric Social Work Professor* Health Social Work Professor* Social Work Professor","=""25-1113""",17.1,17.5,0.4,2.3,1.3,76210.0,Doctoral or professional degree,1,,4,,6,0,0,0,0,17.59300000000001
"Social workers, all other    * Adult Protective Service Social Worker* Criminal Justice Social Worker* Forensic Social Worker* Sexual Assault Social Worker","=""21-1029""",81.0,84.1,3.1,3.9,7.0,69480.0,Bachelor's degree,3,,4,,6,0,0,0,0,83.86699999999998
Sociologists    * Criminologist* Family Sociologist* Penologist* Rural Sociologist* Urban Sociologist,"=""19-3041""",3.4,3.6,0.1,3.6,0.3,101690.0,Master's degree,2,,4,,6,0,0,0,0,3.5740000000000003
"Sociology teachers, postsecondary    * Comparative Sociology Professor* Race Relations Professor* Social Organization Professor","=""25-1067""",15.4,15.7,0.3,2.1,1.1,82540.0,Doctoral or professional degree,1,,4,,6,0,0,0,0,15.65300000000002
Software developers    * Application Integration Engineer* Applications Developer* Computer Applications Developer* Computer Applications Engineer* Computer Systems Engineer* Computer Systems Software Architect* Computer Systems Software Engineer* Embedded Systems Software Developer* Enterprise Systems Engineer* Mobile Applications Developer* Software Applications Architect* Software Applications Designer* Software Applications Engineer* Software Engineer* Software Systems Engineer* Systems Software Designer* Systems Software Developer* Systems Software Specialist,"=""15-1252""",1693.8,1961.4,267.7,15.8,115.2,133080.0,Bachelor's degree,3,,4,,6,0,0,0,0,1927.8539999999987
Software quality assurance analysts and testers    * Applications Tester* Software Quality Assurance Technician* Software Quality Control Specialist* Software Quality Engineer* Software Test Engineer,"=""15-1253""",201.7,221.9,20.2,10.0,14.0,102610.0,Bachelor's degree,3,,4,,6,0,0,0,0,220.642
Soil and plant scientists    * Agriculturist* Agronomist* Arboreal Scientist* Crop Nutrition Scientist* Floriculturist* Horticulturist* Plant Physiologist* Plant Scientist* Pomologist* Soil Fertility Extension Specialist* Soil Scientist* Viticulturist,"=""19-1013""",20.7,21.8,1.1,5.4,1.7,71410.0,Bachelor's degree,3,,4,,6,0,0,0,0,21.52899999999998
Solar photovoltaic installers    * PV Installer* PV Panel Installer* Photovoltaic (PV) Installation Technician* Solar PV Installer,"=""47-2231""",28.6,40.6,12.0,42.1,4.1,51860.0,High school diploma or equivalent,7,,4,Moderate-term on-the-job training,4,0,0,0,0,37.81299999999997
Sound engineering technicians    * Audio Recording Engineer* Disc Recordist* Dub Room Engineer* Film Sound Engineer* Play Back Operator* Recording Engineer* Sound Assistant* Sound Cutter* Sound Designer* Sound Editor* Sound Effects Technician,"=""27-4014""",16.9,16.6,-0.3,-1.7,1.2,66430.0,Postsecondary nondegree award,5,,4,Short-term on-the-job training,5,0,0,0,0,16.87599999999999
"Special education teachers, all other    * Special Education Teacher for Adults with Disabilities","=""25-2059""",41.0,41.5,0.4,1.1,2.9,67430.0,Bachelor's degree,3,,4,,6,0,0,0,0,41.45800000000001
"Special education teachers, kindergarten and elementary school","=""25-2052""",230.2,226.1,-4.1,-1.8,15.4,63000.0,Bachelor's degree,3,,4,,6,0,0,0,0,220.47799999999995
"Special education teachers, middle school    * Junior High School Special Education Teacher* Middle School Special Education Teacher","=""25-2057""",94.8,93.0,-1.8,-1.9,6.3,64880.0,Bachelor's degree,3,,4,,6,0,0,0,0,94.00299999999996
"Special education teachers, preschool    * Early Childhood Special Education Teacher* Early Childhood Special Educator* Pre-K Special Education Teacher* Pre-Kindergarten Education Intervention Teacher* Pre-Kindergarten Special Education Teacher* Special Education Preschool Teacher","=""25-2051""",29.3,29.7,0.4,1.4,2.1,62190.0,Bachelor's degree,3,,4,,6,0,0,0,0,29.626999999999974
"Special education teachers, secondary school    * High School Special Education Resource Teacher","=""25-2058""",164.2,161.5,-2.6,-1.6,11.1,69590.0,Bachelor's degree,3,,4,,6,0,0,0,0,160.723
Special effects artists and animators    * 3D Animator* Animator* Multimedia Artist* Special Effects Artist,"=""27-1014""",57.1,58.0,0.9,1.6,5.0,99800.0,Bachelor's degree,3,,4,,6,0,0,0,0,58.96899999999998
Speech-language pathologists    * Language Pathologist* Public School Speech Clinician* Public School Speech Therapist* Speech Clinician* Speech Pathologist* Speech Therapist* Speech and Language Specialist,"=""29-1127""",187.4,215.5,28.2,15.0,13.3,95410.0,Master's degree,2,,4,Internship/residency,1,0,0,0,0,210.639
"Stationary engineers and boiler operators    * Boiler Engineer* Boiler Operator* Boiler Plant Operator* Boiler Room Operator* Heating, Ventilation, and Air Conditioning (HVAC) Mechanic Boiler Operator* High Pressure Boiler Operator","=""51-8021""",33.3,34.0,0.7,2.2,3.8,75190.0,High school diploma or equivalent,7,,4,Long-term on-the-job training,3,0,0,0,0,34.335000000000015
Statistical assistants    * Actuarial Assistant* Actuary Clerk* Data Analysis Assistant* Statistical Clerk* Tariff Compiling Clerk,"=""43-9111""",6.5,6.3,-0.2,-2.5,0.8,51440.0,Bachelor's degree,3,,4,,6,0,0,0,0,6.414999999999996
Statisticians    * Analytical Statistician* Applied Statistician* Biometrician* Biostatistician* Environmental Statistician* Mathematical Statistician* Research Biostatistician* Sampling Expert* Statistical Analyst* Statistical Reporting Analyst* Survey Statistician* Time Study Statistician,"=""15-2041""",32.2,34.9,2.7,8.5,2.0,103300.0,Master's degree,2,,4,,6,0,0,0,0,34.846
Stockers and order fillers    * Grocery Stocker* Night Stocker* Retail Stocker* Store Stocker* Warehouse Stocker,"=""53-7065""",2764.8,2999.8,235.0,8.5,472.3,37090.0,No formal educational credential,8,,4,Short-term on-the-job training,5,0,0,0,0,3034.5369999999994
Stonemasons    * Banker Mason* Curbstone Setter* Granite Setter* Memorial Mason* Monument Mason* Rock Mason* Stone Chimney Mason* Stone Layer,"=""47-2022""",12.1,11.8,-0.4,-3.0,0.8,51990.0,High school diploma or equivalent,7,,4,Apprenticeship,2,0,0,0,0,11.782999999999989
Structural iron and steel workers    * Bridge Ironworker* Construction Ironworker* Iron Guardrail Installer* Metal Tank Erector* Ornamental Ironworker* Pre-Engineered Metal Building Ironworker* Precast Concrete Ironworker* Steel Fabricator* Steel Fitter* Structural Steel Erector* Wind Turbine Erector,"=""47-2221""",65.7,68.6,2.9,4.4,5.5,62700.0,High school diploma or equivalent,7,,4,Apprenticeship,2,0,0,0,0,68.55300000000007
Structural metal fabricators and fitters    * Mill Beam Fitter* Protector Plate Attacher,"=""51-2041""",53.8,45.0,-8.8,-16.3,4.1,49900.0,High school diploma or equivalent,7,,4,Moderate-term on-the-job training,4,0,0,0,0,47.47900000000001
"Substance abuse, behavioral disorder, and mental health counselors","=""21-1018""",483.5,564.6,81.0,16.8,48.3,59190.0,Master's degree,2,,4,Internship/residency,1,0,0,0,0,539.0609999999994
"Substitute teachers, short-term    * Elementary School Substitute Teacher* English Substitute Teacher","=""25-3031""",510.1,518.5,8.4,1.6,61.1,38470.0,Bachelor's degree,3,,4,,6,0,0,0,0,512.7949999999997
Subway and streetcar operators    * Light Rail Operator* Light Rail Transit Operator* Light Rail Vehicle Operator* Rapid Transit Operator* Subway Conductor* Subway Train Operator* Tram Operator* Trolley Car Operator,"=""53-4041""",9.6,9.9,0.3,3.4,0.9,84830.0,High school diploma or equivalent,7,,4,Moderate-term on-the-job training,4,0,0,0,0,9.688999999999991
Surgical assistants    * Surgical First Assistant,"=""29-9093""",25.3,26.6,1.3,5.1,1.6,60290.0,Postsecondary nondegree award,5,,4,,6,0,0,0,0,26.334999999999976
Surgical technologists    * Certified Surgical Technologist* OR Tech* Operating Room Technician* Surgical Scrub Technologist,"=""29-2055""",115.6,120.8,5.2,4.5,7.0,62830.0,Postsecondary nondegree award,5,,4,,6,0,0,0,0,121.42299999999997
Survey researchers    * Pollster* Survey Methodologist* Survey Questionnaire Designer,"=""19-3022""",8.8,8.3,-0.5,-5.2,0.7,63380.0,Master's degree,2,,4,,6,0,0,0,0,8.54599999999999
Surveying and mapping technicians    * Cartographic Aide* Cartographic Technician* Field Map Technician* GIS Mapping Technician* Geophysical Prospecting Surveying Technician* Mapping Technician* Mineral Surveying Technician* Surveying Technician* Topography Technician,"=""17-3031""",59.4,62.1,2.7,4.5,7.6,51940.0,High school diploma or equivalent,7,,4,Moderate-term on-the-job training,4,0,0,0,0,61.742000000000054
Surveyors    * City Surveyor* County Surveyor* Geodetic Surveyor* Geophysical Prospecting Surveyor* Land Surveyor* Mine Surveyor* Mineral Surveyor* Registered Land Surveyor* Topographical Surveyor,"=""17-1022""",56.1,58.6,2.5,4.4,3.9,72740.0,Bachelor's degree,3,,4,Internship/residency,1,0,0,0,0,58.905000000000044
"Switchboard operators, including answering service    * PBX Operator* Private Branch Exchange Operator* Telephone Answering Service Operator* Telephone Switchboard Operator","=""43-2011""",36.6,27.0,-9.6,-26.3,2.8,38370.0,High school diploma or equivalent,7,,4,Short-term on-the-job training,5,0,0,0,0,28.806000000000004
"Tailors, dressmakers, and custom sewers    * Alterations Sewer* Alterations Tailor* Bridal Gown Fitter* Coat Cutter* Coat Maker* Couture Dressmaker* Dress Fitter* Fur Tailor* Garment Fitter* Suit Maker* Vest Maker","=""51-6052""",38.8,37.1,-1.7,-4.5,5.0,40860.0,No formal educational credential,8,,4,Moderate-term on-the-job training,4,0,0,0,0,36.57899999999998
"Tank car, truck, and ship loaders    * Barge Loader* Bulk Tank Car Unloader* Dock Loader* Rail Car Loader* Rail Loader* Ship Unloader* Tank Car Loader* Tank Truck Loader","=""53-7121""",12.0,12.5,0.5,4.3,1.3,58070.0,No formal educational credential,8,,4,Short-term on-the-job training,5,0,0,0,0,12.311000000000002
Tapers    * Drywall Taper* Sheet Rock Taper* Wall Taper,"=""47-2082""",15.6,15.6,0.0,0.1,1.1,64700.0,No formal educational credential,8,,4,Moderate-term on-the-job training,4,0,0,0,0,15.704999999999984
"Tax examiners and collectors, and revenue agents    * City Collector* Customs Appraiser* Income Tax Adjuster* Internal Revenue Agent* Internal Revenue Service Agent* Revenue Collector* Revenue Enforcement Agent* Tax Compliance Officer* Tax Compliance Representative* Tax Examiner* Tax Investigator* Tax Revenue Officer","=""13-2081""",57.6,56.5,-1.0,-1.8,4.3,59740.0,Bachelor's degree,3,,4,Moderate-term on-the-job training,4,0,0,0,0,56.642999999999994
Tax preparers    * Corporate Tax Preparer* Income Tax Advisor* Income Tax Preparer* Licensed Tax Consultant* Tax Consultant* Tax Specialist,"=""13-2082""",90.6,94.7,4.1,4.5,10.4,50560.0,High school diploma or equivalent,7,,4,Moderate-term on-the-job training,4,0,0,0,0,94.95699999999995
Taxi drivers    * Cab Driver* Rideshare Cab Driver,"=""53-3054""",204.0,226.6,22.6,11.1,22.6,36220.0,No formal educational credential,8,,4,Short-term on-the-job training,5,0,0,0,0,223.56799999999978
"Teachers and instructors, all other    * Sunday School Teacher","=""25-3099""",153.8,153.5,-0.2,-0.1,18.0,64690.0,Bachelor's degree,3,,4,,6,0,0,0,0,152.652
"Teaching assistants, except postsecondary","=""25-9045""",1422.8,1401.7,-21.1,-1.5,170.4,35240.0,"Some college, no degree",6,,4,,6,0,0,0,0,1436.453
"Teaching assistants, postsecondary    * Assistant Instructor* College Biology Teaching Assistant* University Teaching Assistant","=""25-9044""",193.6,199.6,6.0,3.1,24.6,44930.0,Bachelor's degree,3,,4,,6,0,0,0,0,209.75799999999984
Technical writers    * Assembly Instructions Writer* Documentation Writer* Engineering Writer* Handbook Writer* Specifications Writer* Technical Communicator,"=""27-3042""",56.4,56.9,0.5,0.9,4.5,91670.0,Bachelor's degree,3,Less than 5 years,2,Short-term on-the-job training,5,0,0,0,0,57.41399999999998
"Telecommunications equipment installers and repairers, except line installers    * Communications Equipment Installer* Fiber Optic Central Office Installer* Headend Technician* Private Branch Exchange (PBX ) Installer and Repairer* Switchboard Wirer* Telecommunications Switch Technician","=""49-2022""",156.9,150.4,-6.6,-4.2,13.2,62630.0,Postsecondary nondegree award,5,,4,Moderate-term on-the-job training,4,0,0,0,0,149.55499999999998
Telecommunications line installers and repairers    * Cable Television Installer* FIOS Line Installer* Fiber Optic Technician* Telecommunication Lines Repairer* Telecommunications Line Installer* Telephone Cable Splicer* Telephone Lines Repairer* Telephone Lineworker,"=""49-9052""",99.9,96.8,-3.1,-3.1,8.9,70500.0,High school diploma or equivalent,7,,4,Long-term on-the-job training,3,0,0,0,0,97.23599999999999
Telemarketers    * Inbound Telemarketer* Outbound Telemarketer* Telemarketing Sales Representative* Telephone Solicitor* Telesales Representative* Telesales Specialist,"=""41-9041""",67.4,52.5,-14.9,-22.1,6.5,34410.0,No formal educational credential,8,,4,Short-term on-the-job training,5,0,0,0,0,64.28099999999992
Telephone operators    * 411 Directory Assistance Operator* Directory Assistance Operator* Information Operator* Local Telephone Operator* Long Distance Operator* Telephone Exchange Operator,"=""43-2021""",4.0,2.9,-1.1,-27.5,0.3,39130.0,High school diploma or equivalent,7,,4,Short-term on-the-job training,5,0,0,0,0,3.6319999999999966
Tellers    * Bank Teller* Commercial Teller* Exchange Teller* Foreign Banknote Teller* Foreign Exchange Clerk* Loan Teller* Money Order Clerk* Receiving Teller* Savings Teller* Securities Teller,"=""43-3071""",347.4,302.5,-44.9,-12.9,29.8,39340.0,High school diploma or equivalent,7,,4,Short-term on-the-job training,5,0,0,0,0,354.672
Terrazzo workers and finishers    * Granite-Chip Terrazzo Finisher* Marble-Chip Terrazzo Worker* Onyx-Chip Terrazzo Worker* Rustic Terrazzo Setter* Terrazzo Finisher* Terrazzo Grinder* Terrazzo Installer* Terrazzo Layer* Terrazzo Setter* Terrazzo Worker,"=""47-2053""",1.5,1.3,-0.2,-11.1,0.1,57260.0,High school diploma or equivalent,7,,4,Apprenticeship,2,0,0,0,0,1.5830000000000004
Textile bleaching and dyeing machine operators and tenders    * Cloth Dyer* Dye Range Operator* Rug Dyer* Skein Yarn Dyer* Yarn Dyer,"=""51-6061""",6.2,5.5,-0.6,-10.1,0.7,37320.0,High school diploma or equivalent,7,,4,Short-term on-the-job training,5,0,0,0,0,5.729000000000001
"Textile cutting machine setters, operators, and tenders    * Bedspread Cutter* Canvas Cutter* Cloth Cutter* Industrial Fabric Cutter* Textile Slitting Machine Operator* Twill Cutter* Upholstery Cutter* Welt Trimming Machine Operator","=""51-6062""",9.3,8.2,-1.1,-11.7,1.0,37940.0,High school diploma or equivalent,7,,4,Moderate-term on-the-job training,4,0,0,0,0,8.373000000000008
"Textile knitting and weaving machine setters, operators, and tenders    * Crochet Machine Operator* Jacquard Loom Weaver* Knitter Operator* Knitting Machine Operator* Loom Operator* Looping Machine Operator* Warp Knitting Machine Operator","=""51-6063""",15.3,13.6,-1.7,-11.2,1.7,38260.0,High school diploma or equivalent,7,,4,Short-term on-the-job training,5,0,0,0,0,14.024999999999991
"Textile winding, twisting, and drawing out machine setters, operators, and tenders    * Rope Machine Setter* Roving Winder* Silk Winding Machine Operator* Twister Operator* Winder Operator","=""51-6064""",21.7,19.8,-1.9,-9.0,2.5,37660.0,High school diploma or equivalent,7,,4,Moderate-term on-the-job training,4,0,0,0,0,20.206999999999987
"Textile, apparel, and furnishings workers, all other    * Apparel Embroidery Digitizer* Feltmaker* Hat Blocking Machine Operator* Swatch Maker* Tassel Making Machine Operator","=""51-6099""",14.7,13.3,-1.4,-9.4,1.7,37010.0,High school diploma or equivalent,7,,4,Short-term on-the-job training,5,0,0,0,0,13.567999999999984
"Therapists, all other    * Art Therapist* Auriculotherapist* Educational Therapist* Hydrotherapist* Music Therapist* Peripatologist","=""29-1129""",56.1,62.5,6.4,11.5,4.1,65010.0,Bachelor's degree,3,,4,,6,0,0,0,0,61.284000000000034
Tile and stone setters    * Ceramic Tile Installer* Hard Tile Setter* Marble Ceiling Installer* Parquet Floor Layer* Tile Installer* Tile Mason* Wood Tile Installer,"=""47-2044""",52.6,58.0,5.3,10.1,4.2,52240.0,No formal educational credential,8,,4,Long-term on-the-job training,3,0,0,0,0,56.39500000000001
Timing device assemblers and adjusters    * Digital Watch Assembler* Electrical Timing Device Adjuster* Marine Chronometer Assembler* Time Stamp Assembler,"=""51-2061""",0.2,0.2,0.0,-17.5,0.0,40790.0,High school diploma or equivalent,7,,4,Moderate-term on-the-job training,4,0,0,0,0,0.3689999999999997
Tire builders    * Auto Tire Recapper* Retreader* Tire Finisher* Tire Molder* Tire Retreader,"=""51-9197""",20.9,21.4,0.5,2.3,2.5,55580.0,High school diploma or equivalent,7,,4,Moderate-term on-the-job training,4,0,0,0,0,21.411000000000016
Tire repairers and changers    * Auto Tire Worker* Tire Balancer* Tire Fixer* Tire Mechanic* Tire Mounter* Tire Servicer* Tire Technician,"=""49-3093""",113.4,119.9,6.5,5.7,15.3,37120.0,High school diploma or equivalent,7,,4,Short-term on-the-job training,5,0,0,0,0,121.00699999999995
"Title examiners, abstractors, and searchers    * Abstract Searcher* Abstract Writer* Advisory Title Officer* Escrow Officer* Land Title Examiner* Lease Examiner* Lien Searcher* Title Agent* Title Checker* Title Examiner* Title Inspector* Title Investigator* Title Officer* Title Searcher","=""23-2093""",57.4,58.5,1.1,2.0,5.4,54980.0,High school diploma or equivalent,7,,4,Moderate-term on-the-job training,4,0,0,0,0,58.626999999999995
Tool and die makers    * Jig Bore Tool Maker* Metal Die Finisher* Metal Gauge Maker* Plastic Die Maker Apprentice* Tool Maker* Toolmaker,"=""51-4111""",55.2,49.3,-6.0,-10.8,4.7,63180.0,Postsecondary nondegree award,5,,4,Long-term on-the-job training,3,0,0,0,0,51.16500000000005
"Tool grinders, filers, and sharpeners    * Tool Grinder* Tool Grinding Machine Operator* Tool Sharpener* Tool Straightener","=""51-4194""",5.8,5.4,-0.5,-7.8,0.5,48970.0,High school diploma or equivalent,7,,4,Moderate-term on-the-job training,4,0,0,0,0,5.515999999999999
Tour and travel guides,"=""39-7010""",55.8,60.3,4.5,8.1,13.0,36660.0,High school diploma or equivalent,7,,4,Moderate-term on-the-job training,4,0,0,0,0,60.27900000000007
Traffic technicians    * Highway Traffic Control Technician* Traffic Engineering Technician* Traffic Signal Technician* Transportation Planning Technician* Transportation Technician,"=""53-6041""",7.9,8.2,0.3,3.7,0.8,58480.0,High school diploma or equivalent,7,,4,Moderate-term on-the-job training,4,0,0,0,0,8.042000000000012
Training and development managers    * E-Learning Manager* Employee Development Director* Employee Development Manager* Labor Training Manager,"=""11-3131""",46.4,49.2,2.7,5.8,3.8,127090.0,Bachelor's degree,3,5 years or more,1,,6,0,0,0,0,48.39499999999994
Training and development specialists    * Computer Software Training Specialist* Computer Training Specialist* Corporate Trainer* Employee Development Specialist* Insurance Employee Trainer* Job Training Specialist* Training Coordinator* Training Specialist,"=""13-1151""",452.3,501.0,48.7,10.8,43.9,65850.0,Bachelor's degree,3,Less than 5 years,2,,6,0,0,0,0,495.65
Transit and railroad police    * Railroad Detective* Railroad Police Officer* Track Patrol* Transit Authority Police* Transit Police Officer,"=""33-3052""",3.1,3.2,0.1,3.0,0.2,82320.0,High school diploma or equivalent,7,,4,Moderate-term on-the-job training,4,0,0,0,0,3.2399999999999984
Transportation inspectors    * Aircraft Inspector* Aircraft Landing Gear Inspector* Aircraft Quality Control Inspector* Airworthiness Safety Inspector* Freight Inspector* Locomotive Inspector* Motor Vehicle Emissions Inspector* Railroad Car Inspector* Railroad Inspector* School Bus Inspector* Transit Vehicle Inspector,"=""53-6051""",25.7,26.1,0.4,1.7,2.5,85750.0,High school diploma or equivalent,7,,4,Moderate-term on-the-job training,4,0,0,0,0,26.204999999999973
Transportation security screeners    * Airport Baggage Screener* Airport Security Screener* Flight Security Specialist* Transportation Security Administration (TSA) Screener* Transportation Security Officer,"=""33-9093""",50.1,47.1,-3.0,-6.0,4.7,63360.0,High school diploma or equivalent,7,,4,Short-term on-the-job training,5,0,0,0,0,47.47200000000001
"Transportation workers, all other    * Pedicab Driver* Rickshaw Driver","=""53-6099""",11.5,11.9,0.4,3.8,1.2,39630.0,High school diploma or equivalent,7,,4,Short-term on-the-job training,5,0,0,0,0,11.941
"Transportation, storage, and distribution managers    * Airport Manager* Cold Storage Supervisor* Distribution Center Manager* Logistics Manager* Logistics Supply Officer* Marine Oil Terminal Superintendent* Traffic Safety Administrator* Transportation Manager* Warehouse Manager* Warehouse Operations Manager","=""11-3071""",216.7,229.8,13.1,6.1,18.5,102010.0,High school diploma or equivalent,7,5 years or more,1,,6,0,0,0,0,225.49599999999975
Travel agents    * Auto Travel Counselor* Certified Corporate Travel Executive* Certified Travel Counselor* Corporate Travel Expert* Travel Consultant* Travel Counselor* Travel Service Consultant,"=""41-3041""",65.7,67.2,1.4,2.2,7.1,48450.0,High school diploma or equivalent,7,,4,Moderate-term on-the-job training,4,0,0,0,0,67.23799999999991
Tree trimmers and pruners    * Pruner* Tree Pruner* Tree Specialist* Tree Surgeon* Tree Trimmer* Utility Arborist,"=""37-3013""",60.1,62.1,2.0,3.3,7.4,50430.0,High school diploma or equivalent,7,,4,Short-term on-the-job training,5,0,0,0,0,61.77800000000004
Tutors    * Algebra Tutor* Reading Tutor* Spanish Tutor* Standardized Test Tutor,"=""25-3041""",215.5,216.8,1.3,0.6,37.1,40090.0,"Some college, no degree",6,,4,,6,0,0,0,0,219.2359999999998
"Umpires, referees, and other sports officials    * Athletic Events Scorer* Baseball Umpire* Diving Judge* Dressage Judge* Equestrian Events Judge* Handicapper* Horse Show Judge* Paddock Judge* Pit Steward* Placing Judge* Race Starter","=""27-2023""",19.3,20.4,1.1,5.7,4.6,38820.0,High school diploma or equivalent,7,,4,Moderate-term on-the-job training,4,0,0,0,0,20.520000000000017
"Underground mining machine operators, all other    * Clay Mine Cutting Machine Operator* Long Wall Mining Machine Tender* Long Wall Operator* Long Wall Plow Operator* Long Wall Shear Operator* Long Wall Shearer* Mine Cutting and Channeling Machine Operator* Rock Dust Sprayer* Rock Duster* Shale Planer Operator* Shearer Operator* Underground Jumbo Driller","=""47-5049""",3.6,3.4,-0.2,-6.1,0.4,67220.0,No formal educational credential,8,,4,Moderate-term on-the-job training,4,0,0,0,0,3.3549999999999995
Upholsterers    * Aircraft Seat Upholsterer* Auto Upholsterer* Chair Upholsterer* Dining Chair Seat Cushion Trimmer* Furniture Upholsterer* Seating Upholsterer,"=""51-6093""",22.7,22.3,-0.4,-1.8,2.2,46190.0,High school diploma or equivalent,7,,4,Moderate-term on-the-job training,4,0,0,0,0,21.83899999999999
Urban and regional planners    * City Planner* Community Development Planner* Regional Planner* Urban Planner,"=""19-3051""",44.7,46.2,1.5,3.4,3.4,83720.0,Master's degree,2,,4,,6,0,0,0,0,46.49999999999996
"Ushers, lobby attendants, and ticket takers    * Drive-In Theater Attendant* Lobby Attendant* Theater Usher* Ticket Attendant* Ticket Collector* Usher","=""39-3031""",121.7,123.1,1.4,1.2,30.8,31150.0,No formal educational credential,8,,4,Short-term on-the-job training,5,0,0,0,0,122.48700000000012
Veterinarians    * Animal Pathologist* Animal Surgeon* Doctor of Veterinary Medicine* Doctor of Veterinary Medicine (DVM)* Equine Veterinarian* Large Animal Veterinarian* Poultry Pathologist* Public Health Veterinarian* Small Animal Veterinarian* Veterinary Cardiologist* Veterinary Medicine Scientist* Veterinary Radiologist* Wildlife Veterinarian,"=""29-1131""",86.4,94.7,8.3,9.6,3.0,125510.0,Doctoral or professional degree,1,,4,,6,0,0,0,0,93.41999999999994
Veterinary assistants and laboratory animal caretakers    * Laboratory Animal Caretaker* Veterinarian Assistant* Veterinarian Helper* Veterinary Attendant,"=""31-9096""",117.8,128.1,10.3,8.7,22.2,37320.0,High school diploma or equivalent,7,,4,Short-term on-the-job training,5,0,0,0,0,128.1420000000001
Veterinary technologists and technicians    * Certified Veterinary Technician* LVT* Licensed Veterinary Technician* Registered Veterinary Technician* Veterinary Lab Tech* Veterinary Laboratory Technician* Veterinary Surgery Technician* Veterinary Surgery Technologist* Veterinary Technologist* Veterinary X-Ray Operator,"=""29-2056""",134.2,146.4,12.2,9.1,14.3,45980.0,Associate's degree,4,,4,,6,0,0,0,0,146.06799999999987
Waiters and waitresses    * Cocktail Server* Cocktail Waitress* Dining Car Server* Restaurant Server* Wine Steward,"=""35-3031""",2329.7,2313.5,-16.3,-0.7,456.7,33760.0,No formal educational credential,8,,4,Short-term on-the-job training,5,0,0,0,0,2381.3020000000006
Watch and clock repairers    * Antique Clock Repairer* Chronometer Repairer* Clock Repair Technician* Clockmaker* Clocksmith* Horologist* Time Piece Repairer* Watchmaker,"=""49-9064""",1.4,1.4,0.0,-1.1,0.1,60690.0,High school diploma or equivalent,7,,4,Long-term on-the-job training,3,0,0,0,0,1.608
Water and wastewater treatment plant and system operators    * Industrial Waste Treatment Technician* Lead Sewage Plant Operator* Liquid Waste Treatment Plant Operator* Sewage Plant Operator* Waste Treatment Operator* Wastewater Operator* Water Plant Operator* Water Treatment Technician,"=""51-8031""",132.4,123.8,-8.7,-6.5,10.7,58260.0,High school diploma or equivalent,7,,4,Long-term on-the-job training,3,0,0,0,0,126.21199999999986
Web and digital interface designers    * Digital Designer* Graphic Web Designer* Web Content Specialist,"=""15-1255""",128.9,137.9,9.0,7.0,9.1,98090.0,Bachelor's degree,3,,4,,6,0,0,0,0,136.5759999999999
Web developers    * Intranet Developer* Web Applications Developer* Web Architect* Web Content Developer* Web Developer,"=""15-1254""",86.0,92.5,6.5,7.5,5.4,90930.0,Bachelor's degree,3,,4,,6,0,0,0,0,92.89699999999995
"Weighers, measurers, checkers, and samplers, recordkeeping    * Bean Weigher* Cheese Weigher* Freight Checker* Sample Checker* Scale Attendant* Scale Clerk* Scale Operator* Warehouse Checker* Weighing Station Operator* Wool Sampler","=""43-5111""",49.8,47.4,-2.4,-4.8,5.3,45650.0,High school diploma or equivalent,7,,4,Short-term on-the-job training,5,0,0,0,0,48.17999999999998
"Welders, cutters, solderers, and brazers    * Aluminum Welder* Arc Welder* Brazer* Certified Maintenance Welder* Cutting Torch Operator* Pipe Welder* Silver Solderer* Sub Arc Operator* Welder Fitter* Wire Welder","=""51-4121""",457.3,467.2,9.9,2.2,45.6,51000.0,High school diploma or equivalent,7,,4,Moderate-term on-the-job training,4,0,0,0,0,476.9659999999996
"Welding, soldering, and brazing machine setters, operators, and tenders    * Brazing Machine Operator* Brazing Machine Setter and Setup Operator* Brazing Machine Tender* Electron Beam Welder Setter* Machine Welder* Reserve Tube Welder* Soldering Machine Operator* Soldering Machine Setter and Setup Operator* Soldering Machine Tender* Ultrasonic Welding Machine Operator* Welding Machine Operator","=""51-4122""",38.9,35.4,-3.5,-9.0,3.2,47060.0,High school diploma or equivalent,7,,4,Moderate-term on-the-job training,4,0,0,0,0,35.47200000000004
Wellhead pumpers    * Oil Field Pumper* Oil Well Pumper* Oilfield Plant and Field Operator,"=""53-7073""",18.8,17.9,-0.9,-4.7,2.0,70010.0,High school diploma or equivalent,7,Less than 5 years,2,Moderate-term on-the-job training,4,0,0,0,0,17.88200000000002
Wind turbine service technicians    * Wind Energy Mechanic* Wind Energy Technician* Wind Turbine Mechanic* Wind Turbine Technician,"=""49-9081""",13.6,20.5,6.8,49.9,2.3,62580.0,Postsecondary nondegree award,5,,4,Long-term on-the-job training,3,0,0,0,0,18.237999999999996
"Woodworkers, all other    * Pole Framer* Timber Framer* Wood Carver* Wood Casket Assembler* Wood Veneer Taper","=""51-7099""",17.6,16.8,-0.8,-4.4,1.8,41220.0,High school diploma or equivalent,7,,4,Moderate-term on-the-job training,4,0,0,0,0,17.445000000000014
"Woodworking machine setters, operators, and tenders, except sawing    * Computer Numerically Controlled (CNC) Wood Lathe Operator* Roof Truss Builder* Speed Belt Sander* Tenon Operator* Wood Boring Machine Operator* Wood Dowel Machine Operator* Wood Lathe Operator* Wood Planer","=""51-7042""",63.1,61.9,-1.1,-1.8,6.4,40440.0,High school diploma or equivalent,7,,4,Moderate-term on-the-job training,4,0,0,0,0,62.61699999999998
Word processors and typists    * Clerk Typist* Dictaphone Typist* Statistical Typist* Transcription Typist* Typist* Word Processor,"=""43-9022""",40.0,25.6,-14.4,-36.1,2.2,47850.0,High school diploma or equivalent,7,,4,Short-term on-the-job training,5,0,0,0,0,30.607999999999976
Writers and authors    * Advertising Copy Writer* Advertising Copywriter* Author* Biographer* Copy Writer* Copywriter* Lyricist* Novelist* Playwright* Poet* Program Writer* Radio Script Writer* Screen Writer* Short Story Writer* Song Lyricist* Television Writer* Verse Writer,"=""27-3043""",135.4,140.3,4.9,3.6,13.4,72270.0,Bachelor's degree,3,,4,Long-term on-the-job training,3,0,0,0,0,141.0919999999998
Zoologists and wildlife biologists    * Aquatic Biologist* Entomologist* Fish Culturist* Fishery Biologist* Herpetologist* Ichthyologist* Lepidopterist* Marine Biologist* Migratory Game Bird Biologist* Ornithologist* Protozoologist* Wildlife Biologist,"=""19-1023""",18.2,18.5,0.3,1.6,1.4,72860.0,Bachelor's degree,3,,4,,6,0,0,0,0,18.106000000000005
