{
  "model_params": {
    "n_estimators": 100,
    "random_state": 42
  },
  "test_mse": 8309.413955734943,
  "test_r2": 0.9556317816179106,
  "cv_r2_scores": [
    0.8507600207508377,
    0.9684192201128835,
    0.927268569609318,
    0.9440986254964366,
    0.8672149800848704
  ],
  "cv_r2_mean": 0.9115522832108693
}